Business Travel,Environment Satisfaction,Hourly Rate,Distance From Home,Education Field_Technical Degree,Job Satisfaction,Relationship Satisfaction,Job Role_Sales Executive,Percent Salary Hike,Years With Curr Manager,Over Time,Marital Status_Single,Years At Company,CF_age band,Years In Current Role,Monthly Income,Job Role_Laboratory Technician,Job Involvement,Age,Attrition
2,2,94,1,False,4,1,True,11,5,1,True,6,1,4,5993,False,3,41,1
1,3,61,8,False,2,4,False,23,7,0,False,10,2,7,5130,False,2,49,0
2,4,92,2,False,3,2,False,15,0,1,True,0,1,0,2090,True,2,37,1
1,4,56,3,False,3,3,False,11,0,1,False,8,0,7,2909,False,3,33,0
2,1,40,2,False,2,4,False,12,2,0,False,2,0,2,3468,True,3,27,0
1,4,79,2,False,4,3,False,13,6,0,True,7,0,7,3068,True,3,32,0
2,3,81,3,False,1,1,False,20,0,1,False,1,3,0,2670,True,4,59,0
2,4,67,24,False,3,2,False,22,0,0,False,1,0,0,2693,True,3,30,0
1,4,44,23,False,3,2,False,21,8,0,True,9,1,7,9526,False,2,38,0
2,3,94,27,False,3,2,False,13,7,0,False,7,1,7,5237,False,3,36,0
2,1,84,16,False,2,3,False,13,3,0,False,5,1,4,2426,True,4,35,0
2,4,49,15,False,3,4,False,12,8,1,True,9,0,5,4193,True,2,29,0
2,1,31,26,False,3,4,False,17,3,0,False,5,0,2,2911,False,3,31,0
2,2,93,19,False,4,3,False,11,2,0,False,2,0,2,2661,True,3,34,0
2,3,50,24,False,3,2,False,14,3,1,True,4,0,2,2028,True,2,28,1
2,2,51,21,False,1,3,False,11,8,0,False,10,0,9,9980,False,4,29,0
2,1,80,5,False,2,4,False,12,5,1,False,6,0,2,3298,False,4,32,0
0,4,96,16,False,4,2,False,13,0,1,False,1,4,0,2935,True,4,22,0
2,1,78,2,False,4,3,False,16,7,0,False,25,2,8,15427,False,2,53,0
2,4,45,2,False,4,3,False,11,2,1,True,3,1,2,3944,False,3,38,0
0,1,96,11,False,3,4,False,18,3,0,False,4,4,2,4011,False,4,24,0
2,3,82,9,False,1,2,False,23,3,0,True,5,1,3,3407,False,2,36,1
2,1,53,7,False,2,3,False,11,11,0,True,12,0,6,11994,False,3,34,0
2,3,96,15,False,4,4,False,14,0,0,True,0,4,0,1232,False,3,21,0
2,2,83,6,False,1,3,False,11,3,0,True,4,0,2,2960,False,3,34,1
2,3,58,5,False,3,4,False,11,8,0,False,14,2,13,19094,False,3,53,0
1,2,72,16,False,1,2,False,22,7,1,True,10,0,2,3919,False,1,32,1
2,3,48,8,False,2,4,True,11,2,0,False,9,1,7,6825,False,3,42,0
2,1,42,7,False,4,4,False,14,17,0,False,22,1,6,10248,False,2,44,0
2,2,83,2,False,1,4,False,12,1,0,True,2,2,2,18947,False,3,46,0
2,3,78,2,False,4,4,False,11,0,0,True,1,0,1,2496,True,3,33,0
2,4,41,10,False,4,4,False,13,3,1,False,4,1,2,6465,False,3,44,0
2,4,83,9,False,3,1,False,13,8,0,True,10,0,0,2206,True,2,30,0
2,4,56,5,True,4,3,False,14,0,0,False,1,1,0,2086,False,3,39,1
2,2,61,1,False,4,1,False,16,0,1,False,2,4,0,2293,False,3,24,1
2,4,72,2,False,3,4,False,12,4,0,False,5,1,3,2645,False,4,43,0
2,1,86,3,False,3,3,False,14,2,1,False,3,2,2,2683,False,2,50,1
2,4,97,2,False,4,1,False,13,2,0,False,2,1,2,2014,False,3,35,0
2,2,82,5,False,1,4,False,14,0,1,False,1,1,1,3419,False,2,36,0
1,3,42,1,False,1,1,True,19,3,0,False,5,0,3,5376,False,4,33,0
2,3,75,4,False,4,3,False,12,0,0,False,1,1,0,1951,True,3,35,0
2,4,33,2,False,1,4,False,13,0,0,False,1,0,0,2341,True,3,27,0
2,1,48,25,False,3,3,False,12,1,0,True,1,0,0,2293,True,1,26,1
1,4,37,8,False,3,4,True,15,7,0,True,9,0,8,8726,False,3,27,0
1,3,58,1,False,4,4,False,23,7,0,True,12,0,8,4011,True,3,30,0
2,2,49,12,True,3,4,False,12,8,0,False,22,1,15,19545,False,3,41,1
0,2,72,23,False,3,3,True,20,7,0,True,9,0,5,4568,False,3,34,0
2,2,73,19,False,2,1,False,21,0,0,False,1,1,0,3022,False,3,37,0
1,1,98,5,False,4,3,True,21,8,1,True,9,2,6,5772,False,3,46,0
2,4,36,8,False,4,4,False,19,1,0,False,1,1,0,2269,True,4,35,0
2,1,98,1,False,3,4,False,13,0,1,True,1,2,0,5381,True,2,48,1
2,3,50,5,True,3,3,False,13,2,1,True,2,0,2,3441,True,3,28,1
2,2,75,1,False,1,3,True,21,3,1,False,4,1,3,5454,False,3,44,0
0,3,79,11,False,1,3,False,13,3,1,False,4,1,0,9884,False,2,35,0
2,3,47,23,False,4,3,True,19,0,1,False,2,0,2,4157,False,2,26,0
1,1,98,1,False,4,3,False,12,12,1,True,15,0,14,13458,False,3,33,0
1,2,71,18,False,1,4,True,22,8,0,False,9,1,8,9069,False,3,35,0
2,3,30,23,False,1,3,False,15,2,1,False,2,1,2,4014,True,3,35,0
2,4,48,7,False,4,4,False,22,7,0,False,7,0,7,5915,True,3,31,0
2,1,51,1,False,3,3,False,18,7,0,False,7,1,5,5993,False,2,37,0
2,1,33,1,False,4,2,False,22,8,1,False,9,0,8,6162,False,3,32,0
1,4,50,29,False,4,4,False,11,9,0,True,10,1,3,2406,True,3,38,0
2,2,43,7,False,3,4,False,12,8,1,False,27,2,3,18740,False,2,50,0
2,1,99,25,False,1,4,True,11,9,0,True,21,3,16,7637,False,3,59,0
2,3,59,8,True,3,2,False,13,8,0,False,17,1,14,10096,False,3,36,0
2,4,33,8,False,3,3,False,14,2,1,False,5,3,0,14756,False,3,55,0
1,2,95,11,False,2,3,False,13,3,0,True,6,1,5,6499,False,2,36,0
2,2,59,7,False,1,3,False,17,0,0,False,1,2,0,9724,False,3,45,0
1,2,79,1,False,1,4,False,13,2,0,False,3,1,2,2194,False,3,35,0
2,4,79,9,False,3,1,False,17,0,1,False,1,1,0,3388,False,2,36,1
1,1,57,1,False,3,4,True,11,3,0,True,4,3,3,5473,False,2,59,0
2,3,76,2,False,2,4,False,23,4,0,False,5,0,4,2703,False,3,29,0
2,3,87,1,False,2,2,False,17,0,0,True,1,0,1,2501,False,3,31,0
2,2,66,1,False,2,2,False,17,9,0,False,10,0,4,6220,False,3,32,0
2,2,55,6,False,4,2,False,12,0,0,False,1,1,0,3038,True,4,36,0
2,3,61,8,False,4,4,False,23,8,0,True,11,0,7,4424,False,3,31,0
2,3,32,1,False,1,2,True,14,8,0,True,15,1,13,4312,False,2,35,0
2,4,52,6,False,1,2,False,14,0,1,False,0,2,0,13245,False,3,45,0
2,1,30,7,False,3,1,False,13,2,0,True,5,1,2,13664,False,3,37,0
2,2,80,5,False,2,4,False,22,2,1,False,4,2,2,5021,False,3,46,0
2,4,55,1,False,4,3,False,12,0,1,False,10,0,8,5126,True,2,30,0
2,2,30,1,False,3,1,False,18,4,0,True,6,1,4,2859,False,2,35,0
2,1,70,1,False,4,4,True,14,0,0,False,1,3,0,10239,False,3,55,0
0,2,79,6,False,4,4,False,12,9,1,False,13,1,11,5329,False,1,38,0
2,1,94,1,False,2,3,False,15,3,0,False,5,0,2,4325,False,3,34,0
2,4,49,7,False,4,1,False,11,2,0,True,6,3,4,7260,False,1,56,0
2,3,62,2,True,1,3,False,13,0,0,False,0,4,0,2322,False,3,23,0
2,4,96,9,False,4,2,False,23,3,0,False,4,2,2,2075,True,3,51,0
2,3,99,2,False,4,1,False,19,8,0,False,11,0,10,4152,False,2,30,0
2,3,64,9,False,4,4,True,16,7,0,True,9,2,8,9619,False,2,46,1
1,3,78,1,False,2,4,False,22,11,0,False,22,1,3,13503,False,2,40,0
2,3,71,21,False,4,4,True,22,0,1,True,10,2,7,5441,False,3,51,0
2,3,63,4,False,2,2,True,12,7,1,False,11,0,8,5209,False,2,30,0
1,3,40,1,False,1,3,False,13,5,1,False,10,2,9,10673,False,2,46,0
2,2,87,6,False,3,1,True,16,7,0,True,11,0,8,5010,False,3,32,0
2,1,60,2,True,3,1,False,12,3,0,False,4,2,3,13549,False,3,54,0
2,1,33,3,False,3,1,True,21,2,0,False,3,4,2,4999,False,3,24,0
0,2,43,4,False,3,2,True,15,4,0,False,5,0,4,4221,False,3,28,0
2,4,37,10,False,3,3,True,13,8,0,True,37,3,10,13872,False,3,58,0
0,2,67,23,False,2,3,False,12,2,0,False,3,1,2,2042,True,3,44,0
2,3,63,6,False,1,4,False,22,2,1,False,3,1,2,2073,False,3,37,1
2,4,71,1,False,1,4,False,13,0,0,True,1,0,0,2956,False,3,32,0
1,4,66,6,False,4,2,False,18,0,1,True,1,4,0,2926,True,2,20,1
2,1,41,6,False,3,3,False,14,10,0,True,16,0,13,4809,False,3,34,0
0,3,100,2,False,4,4,False,14,0,0,False,1,1,0,5163,False,2,37,0
0,3,32,2,False,4,4,False,21,2,0,False,3,3,2,18844,False,2,59,0
1,1,73,1,False,2,1,False,19,7,1,False,8,2,3,18172,False,3,50,0
2,3,46,5,False,3,4,True,11,3,1,True,6,0,4,5744,False,2,25,1
2,4,64,7,False,4,3,False,11,1,0,False,2,0,2,2889,False,2,25,0
2,2,59,15,False,4,3,False,15,0,0,True,0,4,0,2871,True,3,22,0
1,1,30,1,False,1,3,False,20,8,0,True,13,2,12,7484,False,2,51,0
1,1,66,7,False,3,4,False,24,6,1,True,9,0,7,6074,True,1,34,1
0,4,30,26,False,4,3,False,12,4,1,True,5,2,3,17328,False,4,54,0
2,2,52,18,False,3,3,False,12,2,0,False,5,4,3,2774,True,3,24,0
2,3,45,6,False,2,3,False,15,0,0,False,1,0,0,4505,False,2,34,0
2,3,87,3,False,4,1,True,12,3,0,True,5,1,3,7428,False,3,37,0
2,3,45,5,False,1,4,False,12,8,0,True,11,0,10,11631,False,2,34,0
1,2,92,11,True,4,3,True,14,8,0,False,9,1,7,9738,False,3,36,0
2,1,39,3,False,4,1,False,22,0,0,False,1,1,0,2835,True,3,36,0
1,3,92,26,False,4,4,False,12,12,1,False,25,1,12,16959,False,3,43,0
1,1,96,23,False,3,3,False,25,9,0,False,10,0,7,2613,False,1,30,0
0,3,95,22,False,2,1,True,13,7,0,False,7,0,7,6146,False,3,33,0
2,2,72,14,False,2,1,False,18,3,1,False,5,3,4,4963,False,3,56,1
2,1,51,6,False,3,3,False,13,15,0,True,20,2,18,19537,False,3,51,0
2,2,76,6,False,3,2,True,18,7,1,False,7,0,7,6172,False,1,31,1
2,3,46,6,False,2,3,False,19,3,0,False,5,0,4,2368,False,2,26,0
2,4,94,23,False,4,4,False,12,6,0,False,40,3,10,10312,False,3,58,1
2,4,50,22,False,3,4,False,19,0,1,True,0,4,0,1675,False,3,19,1
2,3,100,2,True,4,3,False,14,1,0,False,2,4,1,2523,True,3,22,0
2,3,96,20,False,1,3,False,14,11,0,False,15,2,11,6567,False,3,49,0
1,2,72,28,False,3,4,False,12,2,0,True,3,1,2,4739,False,4,43,0
1,3,77,12,False,4,4,True,11,1,0,True,2,2,2,9208,False,3,50,0
2,2,71,20,False,3,3,True,11,2,1,False,2,0,2,4559,False,1,31,1
2,3,96,9,False,3,3,True,13,7,1,False,9,1,7,8189,False,3,41,0
2,3,61,25,False,3,4,False,23,7,0,False,8,0,7,2942,False,3,26,0
2,2,84,6,False,2,4,False,20,1,0,False,3,1,2,4941,False,3,36,0
1,1,53,8,False,4,4,False,15,3,0,True,4,2,2,10650,False,1,51,1
2,4,47,4,False,3,3,True,14,9,0,False,15,1,11,5902,False,2,39,0
2,1,41,28,False,3,4,True,18,2,0,False,2,0,2,8639,False,2,25,0
2,3,48,9,False,4,4,False,19,7,1,False,11,0,9,6347,False,3,30,0
2,1,41,9,False,1,1,False,22,4,0,True,5,0,4,4200,True,3,32,1
2,3,83,29,False,4,2,False,13,3,0,True,6,2,5,3452,False,3,45,0
2,4,32,3,True,3,2,False,20,2,1,True,3,1,2,4317,False,3,38,0
2,1,75,18,False,3,3,False,14,4,0,True,5,0,4,2632,False,3,30,0
1,4,35,9,False,4,4,True,17,7,0,False,8,0,7,4668,False,1,32,0
2,4,84,5,True,1,4,False,14,2,0,False,3,0,2,3204,False,3,30,0
2,2,35,2,False,4,4,False,13,2,0,True,5,0,3,2720,True,2,30,0
1,4,91,10,False,1,2,False,13,7,0,False,7,1,6,17181,False,2,41,0
2,3,94,9,False,1,4,False,21,4,0,False,5,1,0,2238,True,3,41,0
2,2,79,3,False,2,4,False,14,0,0,True,1,4,0,1483,True,3,19,0
1,2,54,26,False,2,1,False,11,13,0,False,20,1,7,5605,False,3,40,0
2,3,94,1,False,2,1,True,13,6,0,False,10,1,8,7295,False,3,35,0
2,2,34,6,False,3,4,False,20,5,1,False,7,2,7,2306,False,3,53,0
2,2,60,9,False,2,3,False,18,15,0,False,17,2,9,2348,True,3,45,0
1,2,43,8,False,4,4,True,14,7,0,True,9,0,8,8998,False,3,32,0
0,4,41,1,True,3,1,False,13,9,0,False,10,0,7,4319,False,3,29,0
2,2,34,7,False,3,3,False,17,0,0,False,1,2,0,6132,False,2,51,0
2,2,75,9,False,2,2,False,20,0,1,False,1,3,0,3346,False,2,58,0
2,3,67,4,False,4,1,True,11,11,0,False,12,1,11,10855,False,2,40,0
1,3,75,2,False,3,4,False,18,2,0,False,4,0,3,2231,False,3,34,0
2,3,80,19,False,4,1,False,24,2,0,False,2,4,2,2323,False,3,22,0
0,4,57,9,False,2,4,False,18,2,0,False,2,0,2,2024,False,3,27,0
2,3,42,21,False,4,3,False,11,2,0,False,5,0,2,2713,False,3,28,0
2,3,83,24,False,4,2,False,16,4,1,False,5,3,3,9439,False,4,57,0
0,3,79,3,False,3,4,False,15,1,1,False,1,0,1,2566,False,2,27,0
2,3,53,11,False,2,2,False,15,4,0,True,5,2,4,19926,False,3,50,0
2,1,56,14,False,3,1,False,12,8,0,False,9,1,8,2451,False,3,41,0
2,2,41,5,False,4,3,True,12,4,0,False,10,0,9,9419,False,3,30,0
2,1,59,1,False,4,3,True,22,7,0,True,8,1,3,8686,False,2,38,0
2,3,43,6,False,3,1,False,20,4,0,True,5,0,4,3038,False,3,32,0
2,3,51,17,True,2,4,False,16,1,1,False,5,0,2,3058,False,3,27,0
1,3,100,1,True,1,1,False,21,0,0,True,0,4,0,2325,False,1,19,1
1,4,30,3,False,2,3,False,12,2,0,True,8,1,7,2088,True,3,36,0
0,3,66,9,False,1,3,False,11,10,0,False,12,0,9,3072,True,3,30,0
2,3,30,4,False,1,1,True,11,3,1,False,5,2,4,5006,False,3,45,0
2,3,67,8,False,1,3,False,18,2,1,False,2,3,2,4257,False,3,56,0
2,3,90,2,False,4,1,False,14,2,0,True,3,0,1,2500,False,3,33,0
2,2,47,2,False,4,3,False,22,0,0,True,1,4,0,1102,True,2,19,1
2,2,92,1,False,1,3,True,25,7,0,False,24,2,13,10453,False,3,46,0
2,3,75,9,False,4,3,False,12,1,0,True,2,1,2,2288,True,3,38,0
2,3,95,12,False,4,3,False,23,2,1,False,4,0,2,3929,False,3,31,0
2,4,95,27,False,2,4,False,15,2,0,True,3,0,2,2311,False,3,34,0
2,2,70,20,False,2,4,False,22,2,1,True,4,1,3,3140,False,3,41,1
2,3,86,1,False,3,4,False,15,2,0,False,3,2,2,3690,True,2,50,0
2,4,57,13,False,1,3,False,11,3,0,False,4,2,2,4450,False,4,53,0
2,4,72,14,False,2,4,False,13,6,0,False,8,0,7,2756,False,3,33,0
2,4,46,4,False,3,2,False,14,9,0,False,20,1,8,19033,False,3,40,0
2,3,61,14,False,2,4,False,11,15,0,True,24,3,15,18722,False,4,55,0
1,4,45,2,False,3,3,False,17,9,0,False,10,0,9,9547,False,2,34,0
2,4,98,3,False,2,3,False,18,0,0,True,7,2,7,13734,False,3,51,0
2,3,65,1,False,3,1,False,14,9,0,False,33,2,18,19999,False,2,52,0
2,4,99,9,False,2,4,False,16,3,0,True,7,0,7,2279,False,3,27,0
2,2,50,23,False,3,1,False,13,1,1,False,1,1,0,5916,False,2,35,1
0,4,37,7,False,4,4,False,14,2,0,False,5,1,4,2089,False,4,43,0
0,1,65,2,False,4,4,False,23,8,0,False,20,2,8,16792,False,2,45,0
2,2,65,21,False,1,1,False,12,7,1,False,8,1,7,3564,False,4,37,0
1,2,37,2,False,2,4,False,11,2,0,True,6,1,2,4425,True,3,35,0
0,3,36,21,False,3,2,False,16,2,0,False,5,1,3,5265,False,3,42,0
2,4,88,2,False,3,2,False,14,0,0,False,1,1,0,6553,False,3,38,0
2,4,54,29,True,4,1,False,18,7,0,False,7,1,7,6261,False,3,38,0
1,3,60,1,True,1,3,False,19,0,0,False,2,0,2,4298,False,2,27,0
0,4,92,18,False,4,1,False,15,7,1,False,7,2,7,6804,False,3,49,0
1,4,43,10,False,3,4,False,17,0,1,False,5,0,3,3815,False,3,34,0
2,3,99,19,False,4,3,False,15,7,1,False,7,1,2,2741,True,3,40,0
2,2,70,29,False,1,2,False,19,0,1,False,1,1,0,6673,False,3,38,1
2,2,35,27,False,4,4,True,22,9,0,False,10,0,4,7639,False,3,29,1
2,4,60,5,False,2,1,False,16,2,1,False,4,4,2,2328,False,4,22,0
1,2,73,18,False,4,1,False,13,7,0,True,8,1,1,2153,True,3,36,0
0,4,63,9,False,4,4,False,14,2,0,False,3,1,2,4876,False,2,40,0
2,4,97,1,False,1,3,False,16,3,0,False,4,2,2,9396,False,3,46,0
2,4,32,4,False,4,3,True,11,8,0,False,14,0,8,10400,False,1,32,1
0,3,88,1,False,3,3,False,22,8,0,True,11,0,8,8474,False,2,30,0
1,4,90,20,False,3,4,True,14,7,0,True,7,0,7,9981,False,3,27,0
2,2,81,8,False,2,4,False,16,7,0,False,10,2,9,12490,False,2,51,0
2,4,88,3,True,1,3,False,11,4,1,True,5,0,2,2657,False,3,30,1
2,4,75,6,False,4,3,False,18,0,1,True,1,1,0,13591,False,3,41,0
1,3,52,26,False,1,3,True,15,1,0,True,6,0,3,6696,False,2,30,1
2,3,85,1,True,3,4,False,14,5,0,True,6,0,2,2058,False,3,29,1
0,4,57,6,False,4,4,True,12,8,0,True,19,2,7,8865,False,2,45,0
2,4,52,3,False,1,4,True,14,5,0,False,6,2,2,5940,False,3,54,0
2,4,62,5,False,2,4,False,16,7,0,True,13,1,11,5914,True,3,36,0
2,3,47,4,False,2,4,False,21,1,0,False,3,0,2,2622,False,2,33,0
1,2,47,11,False,4,3,False,14,7,1,False,10,1,8,12185,False,3,37,0
2,1,76,3,False,3,3,True,12,13,0,False,16,1,10,10609,False,3,38,0
0,3,90,1,False,3,4,False,12,4,0,False,5,0,4,4345,False,1,31,0
2,3,70,3,False,4,1,False,17,0,0,False,1,3,0,2177,False,2,59,0
1,1,41,4,False,4,3,False,17,8,0,False,9,1,8,2793,False,3,37,0
1,2,42,1,False,4,4,True,14,1,0,False,11,0,10,7918,False,3,29,0
1,3,92,1,False,3,1,True,14,8,0,True,10,1,7,8789,False,3,35,0
2,3,86,18,False,4,3,False,13,1,1,True,4,0,3,2389,False,2,29,1
2,3,89,2,False,4,2,False,15,2,0,True,2,2,2,3212,True,2,52,0
2,3,58,4,True,4,4,False,11,15,0,False,22,1,17,19232,False,3,42,0
2,2,52,6,False,3,4,False,17,2,0,False,2,3,2,2267,False,3,59,0
2,4,68,1,False,4,3,False,11,6,0,False,7,2,0,19517,False,3,50,0
2,3,58,14,False,4,3,False,13,4,1,False,5,0,4,2436,True,3,33,1
2,4,80,16,False,4,3,False,22,9,1,False,17,1,13,16064,False,3,43,0
2,1,39,2,False,1,1,False,20,7,0,False,9,0,7,2707,True,3,33,1
0,1,79,2,False,3,4,False,18,12,1,True,33,2,7,19068,False,2,52,0
2,3,56,4,False,2,1,False,11,2,0,False,4,0,3,3931,False,3,32,0
2,4,62,1,False,3,4,False,14,2,1,True,3,0,2,3730,True,2,32,1
2,3,96,1,False,3,3,False,14,2,0,False,3,1,2,2232,True,3,39,0
0,3,100,26,False,4,1,True,18,2,0,False,3,0,2,4465,False,3,32,0
2,3,36,19,False,1,1,False,16,0,0,False,1,1,0,3072,False,3,41,0
2,1,62,24,True,4,1,False,17,7,0,False,9,1,8,3319,False,3,40,0
2,3,70,1,False,4,3,False,11,7,0,False,24,2,0,19202,False,4,45,0
1,2,73,3,False,3,1,False,12,2,0,False,2,0,2,13675,False,3,31,0
2,3,63,5,False,4,3,False,13,2,0,False,2,0,2,2911,False,2,33,0
2,4,84,2,False,1,2,False,13,9,0,False,11,0,9,5957,False,2,34,0
2,3,83,1,False,1,1,False,14,2,0,False,3,1,1,3920,False,2,37,0
1,1,77,7,False,3,4,False,17,2,0,False,3,2,2,6434,False,4,45,0
1,1,61,10,False,3,2,False,11,0,0,False,1,1,0,10048,False,3,37,1
1,3,64,2,True,3,4,False,25,8,0,True,19,1,6,10938,False,3,39,0
2,3,60,15,False,4,1,False,19,5,0,True,6,0,5,2340,False,3,29,0
2,4,82,17,False,1,3,False,13,2,1,True,3,1,2,6545,False,4,42,0
2,4,45,20,False,4,4,True,14,2,0,False,3,0,2,6931,False,3,29,0
2,1,62,1,False,3,4,False,12,2,0,False,4,0,2,4898,False,3,25,0
2,4,56,2,False,1,3,False,11,8,1,False,9,1,6,2593,True,2,42,0
2,1,49,2,False,3,4,False,19,9,0,False,21,1,7,19436,False,3,40,0
2,3,96,1,False,4,2,False,11,0,0,False,1,2,0,2723,False,3,51,0
1,3,71,29,False,2,2,False,11,4,0,True,5,0,4,3479,True,2,31,1
1,2,100,7,False,2,3,False,20,3,0,False,5,0,1,2794,True,4,32,0
0,4,39,2,False,4,4,True,18,5,0,False,8,1,7,5249,False,2,38,0
2,4,84,2,True,1,4,False,13,4,0,True,6,0,2,2176,True,2,32,0
2,3,75,2,True,2,2,False,12,7,1,False,7,2,7,16872,False,1,46,0
2,1,79,2,False,3,3,False,11,0,0,True,0,0,0,3485,True,3,28,1
2,1,78,2,False,2,2,True,19,0,0,False,0,0,0,6644,False,2,29,0
2,2,64,23,False,4,2,False,21,8,0,False,9,0,0,5582,False,2,31,0
0,2,85,5,False,1,4,False,12,5,0,False,6,0,3,4000,False,4,25,0
2,3,79,20,False,4,2,False,14,10,1,False,20,2,7,13496,False,3,45,0
2,4,47,6,False,4,3,False,11,11,0,False,15,1,13,3210,True,3,36,0
2,4,81,1,False,1,3,False,14,13,1,True,36,3,10,19045,False,3,55,0
0,1,88,29,False,2,4,False,12,9,1,False,10,2,7,11849,False,3,47,1
2,4,94,9,False,4,4,False,23,4,0,False,5,0,2,2070,False,3,28,0
2,3,98,6,False,4,2,True,14,1,0,False,5,1,4,6502,False,3,37,0
2,4,100,3,False,3,1,False,17,0,0,True,3,4,2,3230,False,2,21,0
0,1,80,1,False,4,1,False,18,2,1,False,5,1,2,13603,False,3,37,0
2,2,71,22,False,2,2,False,18,2,0,False,7,1,7,11996,False,4,35,0
2,1,44,7,False,1,3,True,24,7,1,False,8,1,0,5605,False,4,38,0
1,3,84,1,False,2,1,False,20,4,0,False,6,0,5,6397,False,3,26,0
2,1,96,4,False,2,1,False,14,6,0,False,10,2,4,19144,False,3,50,0
2,3,45,3,False,3,4,False,16,3,1,False,5,2,3,17584,False,3,53,0
2,2,99,1,False,3,3,True,25,6,0,False,20,1,16,4907,False,3,42,0
1,2,44,2,False,4,1,True,18,9,0,True,10,0,7,4554,False,3,29,0
2,2,37,20,True,4,4,False,19,8,1,False,10,3,7,5415,True,3,55,0
1,1,60,11,False,1,3,False,13,3,1,False,5,0,3,4741,False,3,26,0
2,4,42,1,False,4,2,False,12,7,0,True,17,1,12,2115,False,3,37,0
1,4,43,24,False,3,4,False,22,0,1,False,1,1,0,3161,True,3,44,1
2,4,82,23,False,4,2,False,14,2,0,False,2,1,2,5745,False,3,38,0
2,1,45,16,False,2,4,False,13,2,1,False,3,0,2,2373,True,3,26,1
2,4,66,8,False,4,4,False,21,2,0,True,5,0,3,3310,False,3,28,0
1,3,35,10,False,1,4,False,11,2,1,True,3,2,2,18665,False,3,49,0
2,3,30,3,True,2,4,False,12,7,0,True,8,1,0,4485,False,3,36,0
1,4,84,5,False,2,3,False,11,2,0,False,2,0,2,2789,False,3,31,0
2,4,48,4,False,4,2,True,12,4,1,True,8,0,7,5828,False,2,26,1
1,2,53,9,False,4,3,False,12,2,1,False,4,1,2,2326,False,3,37,0
1,3,77,26,False,2,4,True,14,8,0,False,20,1,4,13525,False,3,42,0
2,3,54,3,False,3,3,False,13,0,0,True,0,4,0,1420,True,3,18,1
2,3,96,16,False,2,3,True,15,9,0,False,11,1,9,8020,False,3,35,0
1,3,81,18,False,4,4,False,18,0,0,False,1,1,0,3688,True,4,36,0
2,4,84,2,False,2,4,False,18,2,0,False,4,2,1,5482,False,1,51,0
2,4,88,2,False,2,2,False,19,4,0,True,22,1,10,16015,False,3,41,0
2,4,69,10,False,3,1,False,12,0,0,True,0,4,0,1200,False,2,18,0
2,2,68,16,False,1,3,False,19,7,0,True,8,0,3,5661,False,4,28,0
2,2,100,7,True,4,2,True,11,7,0,False,8,0,7,6929,False,4,31,0
2,3,48,1,False,4,1,False,17,7,0,False,18,1,10,9613,False,4,39,0
0,2,47,24,False,2,3,False,15,8,0,False,9,1,8,5674,True,3,36,0
2,4,91,7,False,3,3,True,14,8,0,False,13,0,8,5484,False,2,32,0
2,1,81,25,False,2,3,False,17,1,0,False,10,1,8,12061,False,2,38,0
0,4,32,1,False,3,4,False,13,2,1,False,5,3,3,5660,False,1,58,0
2,3,86,5,True,4,3,False,12,3,1,False,5,0,2,4821,False,3,31,0
2,1,62,2,False,1,4,False,12,0,0,False,2,0,2,6410,False,2,31,0
1,1,97,7,False,1,1,False,18,11,0,False,24,2,9,5210,True,3,45,0
2,3,32,2,False,4,2,False,18,2,1,False,2,0,2,2695,False,3,31,0
1,4,74,5,False,2,2,False,11,8,0,False,10,0,6,11878,False,3,33,0
2,3,99,10,False,1,4,False,14,10,1,False,21,1,9,17068,False,3,39,0
1,3,33,10,False,4,1,False,19,7,0,True,8,1,7,2455,True,3,43,0
2,3,90,1,True,3,4,False,12,7,1,True,7,2,1,13964,False,2,49,0
2,3,85,8,False,2,1,False,15,7,0,False,8,2,2,4941,False,2,52,1
2,3,85,5,False,2,2,False,12,2,1,True,4,0,3,2478,False,3,27,0
2,3,65,8,True,2,4,True,11,9,1,False,13,0,12,5228,False,2,32,0
2,4,74,2,False,3,1,True,11,4,1,True,5,0,4,4478,False,3,27,0
2,4,73,7,False,4,4,True,12,7,0,False,7,0,7,7547,False,3,31,0
2,1,74,2,False,4,3,False,16,7,0,True,7,0,7,5055,False,4,32,0
2,1,84,2,False,4,4,False,13,2,1,False,3,0,2,3464,False,1,28,1
2,4,64,28,False,4,4,False,13,9,0,False,10,0,8,5775,False,3,30,0
1,3,48,7,False,3,1,False,24,9,0,False,10,0,9,8943,False,2,31,0
1,3,54,7,False,4,1,False,15,3,0,False,21,1,9,19272,False,2,39,0
2,4,41,3,False,3,1,True,18,0,1,False,1,1,0,5238,False,3,39,1
1,2,46,10,False,4,3,True,14,1,0,True,7,0,7,4682,False,2,33,0
2,4,42,5,False,3,2,False,11,1,0,False,3,2,2,18300,False,3,47,0
1,3,82,10,False,3,2,False,11,0,0,False,9,1,7,5257,True,2,43,0
0,3,73,1,False,2,4,True,13,4,1,False,5,0,4,6349,False,3,27,0
1,4,31,20,False,3,4,False,12,3,0,True,4,2,3,4869,False,3,54,0
2,3,43,7,False,1,1,False,16,0,0,False,1,1,0,9985,False,3,43,0
2,4,75,8,False,4,1,False,14,8,0,False,10,2,9,3697,False,3,45,0
2,2,57,1,False,4,3,True,22,2,1,False,4,1,3,7457,False,1,40,0
2,2,77,8,False,1,4,False,11,7,1,False,7,0,7,2119,True,1,29,1
2,2,30,9,False,4,3,False,17,2,0,True,3,0,2,3983,True,2,29,0
2,4,30,5,False,3,3,True,13,2,0,False,10,0,9,6118,False,2,30,0
2,2,56,8,False,2,1,True,18,7,0,False,8,0,7,6214,False,3,27,0
2,4,61,5,False,4,3,False,16,4,0,False,6,1,2,6347,False,3,37,0
2,3,92,15,False,4,2,False,14,9,1,False,11,1,10,11510,False,2,38,0
2,3,39,7,False,4,3,False,14,10,1,True,11,0,9,7143,False,3,31,0
2,4,39,10,False,2,1,True,14,7,1,False,7,0,7,8268,False,2,29,0
2,3,62,5,True,2,4,False,13,13,0,True,16,1,6,8095,False,3,35,0
2,3,83,26,False,4,3,False,12,2,0,False,4,4,2,2904,False,3,23,0
2,4,95,6,False,2,4,False,15,2,1,True,5,1,4,6032,False,2,41,0
1,2,99,4,False,3,1,False,19,0,0,True,0,2,0,2976,False,3,47,0
2,1,44,23,False,4,2,False,14,0,0,True,1,1,0,15992,False,3,42,0
0,4,61,2,False,3,1,True,14,2,0,False,4,0,3,4649,False,3,29,0
2,3,52,2,True,3,3,False,11,0,1,False,3,1,2,2696,False,3,42,0
2,3,75,2,False,2,3,False,13,7,0,False,8,0,0,2370,True,3,32,0
2,1,91,29,False,3,2,False,21,0,0,False,0,2,0,12504,False,3,48,0
2,3,51,6,False,1,1,False,13,7,1,False,7,1,7,5974,False,4,37,0
0,4,85,25,True,3,2,True,12,2,1,False,2,0,2,4736,False,3,30,0
2,3,57,1,False,3,2,True,17,7,0,False,8,0,7,5296,False,3,26,0
2,1,98,2,False,4,2,False,23,0,0,True,1,1,0,6781,False,2,42,0
1,1,99,1,True,2,3,False,11,2,1,True,3,4,2,2174,False,2,21,1
0,4,45,1,False,4,2,True,15,0,0,True,1,1,0,6653,False,3,36,0
1,1,48,3,False,4,1,True,11,12,0,False,13,1,9,9699,False,2,36,0
2,4,88,1,False,3,3,False,11,2,0,False,3,3,2,6755,False,3,57,0
2,4,46,10,False,3,3,False,13,7,1,False,7,1,7,2213,True,4,40,0
0,1,39,9,False,4,3,False,24,2,0,True,3,4,2,2610,False,3,21,0
2,4,34,5,False,3,2,False,13,0,1,True,1,0,0,2851,False,3,33,1
2,3,98,10,False,1,2,False,20,3,0,False,5,1,4,3452,True,3,37,0
0,3,30,7,False,3,3,False,14,0,0,False,1,2,0,5258,False,3,46,0
1,1,56,4,False,2,3,True,18,7,0,True,8,1,7,9355,False,3,41,1
2,4,100,10,True,4,4,False,15,3,0,True,4,2,3,10496,False,2,50,0
2,3,68,22,False,3,1,True,12,0,1,False,6,1,4,6380,False,2,40,1
2,3,42,9,False,2,4,False,16,2,1,True,2,0,2,2657,False,2,31,0
2,3,90,12,False,2,4,False,15,0,0,True,1,4,0,2716,False,4,21,1
2,4,54,23,False,4,4,False,16,2,0,True,3,0,2,2201,False,3,29,0
2,3,97,9,False,2,3,False,19,0,0,True,1,1,1,6540,False,2,35,0
2,4,82,1,False,2,2,False,11,4,0,False,5,0,2,3816,True,3,27,0
2,2,92,9,False,4,4,True,16,7,0,True,7,0,5,5253,False,3,28,0
2,2,31,7,False,3,3,False,24,0,0,True,5,2,2,10965,False,2,49,0
2,3,87,14,False,4,3,True,11,7,0,False,7,2,7,4936,False,3,51,0
2,4,96,2,False,3,2,False,13,2,0,False,2,1,2,2543,False,3,36,0
0,1,67,19,False,4,2,True,13,4,1,True,5,0,2,5304,False,4,34,1
2,3,97,2,False,4,3,False,13,2,1,True,5,3,4,16659,False,3,55,0
2,4,77,10,False,3,4,True,12,3,1,False,5,4,2,4260,False,3,24,0
2,3,72,2,True,2,1,False,18,0,0,False,1,0,0,2476,False,3,30,0
1,3,73,3,True,1,3,False,22,4,0,True,6,0,4,3102,False,3,26,1
2,1,43,11,False,2,4,False,13,2,0,False,2,4,1,2244,False,3,22,0
2,2,61,2,False,3,2,True,13,0,0,False,10,1,9,7596,False,2,36,0
1,3,40,4,True,4,3,False,23,0,1,True,1,0,0,2285,False,3,30,1
2,4,95,14,False,1,3,False,12,17,0,False,18,1,7,3034,True,3,37,0
2,4,46,2,False,2,3,True,12,3,0,False,5,1,4,5715,False,3,40,0
2,2,95,1,False,1,2,False,16,2,0,False,5,1,2,2576,True,3,42,0
2,3,49,10,False,2,4,False,12,1,1,True,1,1,0,4197,False,3,37,0
2,1,59,12,False,2,3,False,11,9,0,False,25,1,10,14336,False,2,43,0
2,2,78,2,False,3,2,False,22,0,0,False,1,1,0,3448,True,2,40,0
2,1,86,5,False,1,3,False,11,2,0,False,4,2,2,19406,False,3,54,0
0,3,72,4,False,3,1,True,15,2,0,False,3,0,2,6538,False,3,34,0
2,2,31,7,False,1,2,False,12,12,0,False,13,0,10,4306,False,3,31,0
1,4,61,21,False,4,1,False,20,2,0,False,3,1,2,2258,True,3,43,0
2,3,74,8,False,3,4,False,14,2,1,False,5,1,2,4522,False,3,43,0
2,2,99,4,False,4,2,True,11,3,1,True,5,0,4,4487,False,2,25,0
0,2,72,25,False,3,1,False,15,7,1,False,13,1,11,4449,False,3,37,0
2,4,98,1,False,1,3,False,12,2,0,False,4,0,2,2218,True,2,31,0
1,2,52,1,False,3,3,False,14,6,1,False,21,1,8,19197,False,3,39,0
1,3,86,6,False,1,4,True,11,7,0,False,7,3,7,13212,False,4,56,0
2,2,83,12,True,3,2,True,11,4,0,True,5,0,4,6577,False,3,30,0
2,2,49,1,False,1,3,True,16,7,0,False,10,1,7,8392,False,4,41,0
2,3,79,17,False,1,4,False,12,8,0,False,10,0,0,4558,True,3,28,0
2,1,91,3,False,1,3,False,13,2,0,False,2,0,2,4031,True,3,25,1
2,4,39,3,False,3,3,False,14,4,1,False,5,2,4,7969,False,2,52,0
2,1,69,10,False,4,4,False,21,2,0,False,2,2,2,2654,False,3,45,0
2,4,30,4,False,4,4,False,13,4,0,False,5,2,2,16555,False,3,52,0
1,1,92,29,False,3,2,False,11,2,0,False,5,1,4,4556,False,3,42,0
2,3,43,2,False,4,3,False,20,2,0,True,5,0,4,6091,False,1,30,0
2,1,41,7,False,1,4,False,11,10,0,False,29,3,8,19566,False,3,60,0
2,3,87,18,False,3,3,False,14,8,0,False,10,2,7,4810,False,3,46,0
1,4,88,28,True,4,4,False,11,4,0,False,6,1,5,4523,False,2,42,0
2,1,62,1,True,2,2,False,16,4,1,True,5,4,3,3202,False,3,24,1
1,4,33,6,False,3,4,False,16,0,0,False,2,0,2,2351,False,1,34,1
1,4,42,2,False,4,3,False,23,0,1,False,1,1,0,1702,True,3,38,0
2,3,79,2,False,3,4,False,14,12,0,False,20,1,15,18041,False,3,40,0
2,1,90,23,False,4,2,False,22,2,0,False,3,0,2,2886,False,3,26,0
0,3,53,3,False,4,3,False,15,4,0,False,5,0,3,2097,True,3,30,0
2,2,93,3,False,3,3,False,18,7,0,False,10,0,2,11935,False,2,29,0
2,3,71,25,True,2,2,False,16,1,0,False,2,0,2,2546,False,2,29,1
2,1,52,2,True,4,3,False,12,0,0,True,1,4,0,2564,False,2,19,1
0,3,69,22,False,1,3,True,11,8,0,False,9,0,8,8412,False,3,30,0
2,1,56,29,False,4,3,False,12,0,0,False,1,3,0,14118,False,2,57,0
2,2,88,29,False,3,2,False,15,7,0,False,27,2,10,17046,False,2,50,0
0,3,49,2,False,4,3,False,14,7,0,True,11,0,7,2564,True,3,30,0
1,3,80,28,False,1,4,True,19,11,0,False,18,3,13,10266,False,2,60,0
2,1,65,2,False,4,3,False,13,4,0,False,5,2,0,5070,False,3,47,0
2,1,51,2,False,3,3,False,13,1,0,False,3,2,2,17861,False,3,46,0
2,4,46,22,False,3,3,False,15,3,0,True,5,1,4,4230,True,1,35,0
2,3,42,8,False,3,3,False,11,0,0,True,1,2,0,3780,True,3,54,0
2,4,62,2,False,3,3,False,12,7,0,False,7,0,3,2768,False,2,34,0
2,3,94,10,False,4,3,True,19,2,1,False,3,2,2,9071,False,2,46,0
2,3,33,9,False,2,4,False,25,8,0,False,13,0,8,10648,False,3,31,0
2,2,56,15,False,3,4,False,12,7,1,False,7,0,6,13610,False,3,33,1
2,1,38,10,False,4,1,False,13,3,0,False,4,0,3,3408,True,1,33,1
2,4,57,7,False,2,1,False,14,2,0,True,3,0,2,2983,False,3,30,0
2,4,72,16,False,3,3,False,12,0,1,False,8,1,7,7632,False,3,35,0
1,1,66,20,False,3,1,False,12,0,0,False,1,0,0,9824,False,3,31,1
1,2,43,23,False,1,3,False,15,2,1,False,3,0,2,9950,False,3,34,1
1,2,97,5,False,3,4,False,17,0,0,False,2,1,2,2093,True,3,42,0
0,2,32,10,False,4,4,True,14,7,0,True,10,1,3,9980,False,3,36,0
1,3,99,4,True,3,3,False,16,2,0,True,2,4,2,3894,True,2,22,1
2,2,37,2,False,4,1,True,14,7,0,False,9,2,7,4051,False,3,48,0
2,1,83,18,False,2,4,False,23,7,0,True,10,3,9,16835,False,3,55,0
0,4,56,10,False,4,4,True,14,10,0,True,14,1,3,6230,False,3,41,0
2,2,85,1,False,3,3,True,11,9,0,False,11,1,9,4717,False,3,35,0
2,2,75,6,False,3,3,False,15,13,0,True,20,1,6,13237,False,3,40,0
1,3,48,8,False,3,1,False,11,7,0,False,8,1,3,3755,True,3,39,0
2,2,77,2,False,4,3,True,13,5,1,True,6,0,5,6582,False,3,31,0
2,4,56,24,False,1,4,False,21,8,1,False,10,1,9,7406,False,3,42,0
2,4,61,2,False,2,2,True,19,7,0,False,8,2,7,4805,False,3,45,0
1,2,58,17,False,3,2,False,11,0,1,False,7,0,7,2741,False,3,26,1
2,4,34,19,True,4,2,False,12,2,0,False,3,0,2,4262,False,3,29,0
2,1,95,1,False,3,3,False,19,5,0,False,6,0,1,16184,False,4,33,0
2,3,44,7,False,4,3,False,21,1,0,False,5,0,4,11557,False,2,31,0
1,2,69,5,False,2,4,False,14,0,1,True,0,4,0,1878,False,3,18,1
0,3,58,28,False,1,3,True,15,1,0,False,1,1,0,10932,False,1,40,0
0,1,62,2,False,3,1,False,17,7,1,True,8,1,7,6811,False,2,41,0
2,1,45,29,False,3,1,True,12,0,0,False,0,0,0,4306,False,3,26,0
2,1,80,1,False,3,4,True,16,3,0,True,5,1,4,4859,False,3,35,0
2,4,74,21,False,4,4,True,12,7,0,True,10,0,7,5337,False,4,34,0
2,3,66,24,True,4,2,False,18,0,1,True,1,0,0,2340,True,1,26,1
2,2,59,1,True,4,4,False,17,2,0,True,6,1,5,7491,False,3,37,0
1,1,86,18,False,3,4,False,11,2,0,False,2,2,2,10527,False,3,46,0
2,2,91,2,False,1,2,False,16,8,0,False,18,1,16,16595,False,3,41,0
0,1,69,9,False,2,4,True,13,7,0,False,9,1,5,8834,False,3,37,0
2,4,78,6,True,1,2,False,12,9,1,False,10,2,9,5577,False,3,52,0
0,4,60,11,False,3,4,True,12,2,0,False,4,0,2,4707,False,4,32,1
1,4,38,24,False,4,3,False,13,1,0,False,2,4,2,2400,False,3,24,0
2,3,76,10,False,3,3,False,19,0,0,False,1,1,0,9824,False,3,38,0
2,2,65,1,False,2,2,False,12,3,0,False,6,1,5,6447,False,3,37,0
2,4,58,18,False,3,3,False,17,9,1,False,31,2,9,19502,False,2,49,0
2,2,89,23,False,4,2,False,11,4,1,False,6,4,5,2725,False,4,24,0
2,1,66,28,False,2,4,True,20,4,0,False,5,0,3,6272,False,3,26,0
2,4,94,17,False,2,4,False,21,0,0,False,1,4,0,2127,True,2,24,0
1,1,99,3,False,2,3,False,11,7,0,False,32,2,5,18200,False,3,50,0
2,2,40,13,False,3,3,False,11,6,0,False,7,0,4,2096,False,3,25,0
1,1,55,7,False,3,4,False,16,2,1,False,6,4,3,2886,True,3,24,1
1,2,74,12,False,1,3,False,18,0,0,False,1,0,0,2033,False,2,30,1
2,2,83,1,False,4,4,False,13,3,1,False,6,0,5,3622,False,2,34,0
2,2,46,13,False,1,3,True,17,2,0,False,3,0,1,4233,False,3,31,1
2,1,54,25,False,4,4,False,14,2,0,True,3,1,2,3681,True,2,35,0
2,1,66,6,False,4,4,True,22,7,0,False,7,0,7,5460,False,4,31,0
2,1,66,6,False,3,3,False,12,3,0,False,5,0,3,2187,False,2,27,0
2,4,75,2,False,3,3,True,11,0,1,False,3,1,0,9602,False,3,37,0
2,4,83,1,False,2,4,False,13,0,0,True,1,4,0,2836,False,2,20,0
2,3,81,2,False,4,2,False,13,2,0,False,10,1,2,4089,False,3,42,0
2,2,50,6,False,4,3,False,14,0,1,False,1,1,0,16627,False,2,43,0
2,3,43,1,False,1,4,False,17,0,0,True,0,1,0,2619,False,3,38,0
1,4,72,9,False,3,2,False,13,7,1,False,8,1,7,5679,True,3,43,0
2,4,40,1,False,1,1,False,11,2,0,False,3,2,2,15402,False,2,48,0
2,1,50,1,False,3,2,False,11,2,0,True,2,1,2,5985,False,2,44,0
2,3,31,14,True,3,4,False,18,6,1,False,8,0,2,2579,False,3,34,0
2,3,85,2,False,1,2,False,11,2,0,False,4,0,3,3041,False,3,27,1
2,3,49,22,True,3,3,False,11,2,0,True,3,4,2,3447,False,3,21,0
2,4,35,3,False,4,1,False,12,1,1,False,2,1,2,19513,False,3,44,0
2,1,69,6,False,3,4,False,20,2,0,False,2,4,2,2773,False,3,22,0
2,3,39,8,False,3,4,True,12,2,0,False,5,0,0,7104,False,3,33,0
2,1,92,9,False,4,4,False,12,5,1,False,6,0,4,6322,False,3,32,0
1,3,71,3,False,3,3,False,20,0,0,False,1,0,0,2083,False,3,30,0
2,4,34,1,False,1,4,True,20,10,0,True,14,2,7,8381,False,3,53,0
2,2,42,1,False,4,4,False,12,8,0,False,10,0,9,2691,False,3,34,0
1,1,100,26,False,1,4,True,14,0,0,False,1,2,1,4286,False,3,45,1
2,3,71,6,False,4,3,False,13,2,1,False,3,0,2,2659,True,3,26,0
2,3,36,3,False,3,3,False,15,8,0,False,10,1,7,9434,False,3,37,0
2,2,62,3,False,3,1,True,14,2,0,False,6,0,0,5561,False,3,29,0
2,2,82,6,False,4,2,False,13,8,0,True,17,1,11,6646,False,1,35,0
1,3,30,6,False,4,3,False,23,7,0,False,13,0,11,7725,False,3,33,0
2,3,88,19,False,2,3,False,15,1,0,False,9,2,7,10725,False,3,54,0
2,2,48,9,False,2,3,False,11,2,1,False,3,1,2,8847,False,2,36,0
2,1,54,3,False,4,4,False,13,1,0,True,4,0,2,2045,False,2,27,0
2,4,32,10,False,3,4,False,11,1,1,True,1,4,0,1009,False,3,20,1
1,1,70,3,False,1,1,False,11,7,1,True,10,0,8,3348,False,3,33,1
0,3,41,3,False,3,3,False,18,0,0,False,1,1,0,1281,True,2,35,0
2,1,58,4,False,1,1,False,16,2,0,False,3,4,2,2819,False,4,23,0
2,4,57,8,False,2,3,True,22,2,0,False,3,0,2,4851,False,4,25,0
2,4,46,7,False,4,1,True,20,5,0,True,7,1,7,4028,False,2,38,0
1,2,76,1,False,4,4,False,18,8,0,False,10,0,7,2720,False,1,29,0
2,2,56,2,False,2,4,True,12,2,0,False,2,2,2,8120,False,4,48,0
1,4,71,3,False,4,2,True,20,4,1,False,6,0,5,4647,False,4,27,0
2,4,80,10,False,4,1,False,17,0,0,True,1,1,0,4680,False,4,37,0
2,4,74,28,False,3,3,False,11,8,1,False,20,2,8,3221,True,4,50,0
2,4,46,9,False,2,2,False,14,7,0,True,8,0,7,8621,False,2,34,0
2,1,65,3,False,3,1,True,14,0,0,True,2,4,2,4577,False,3,24,1
2,4,80,2,True,3,1,False,11,10,0,True,20,1,7,4553,False,2,39,0
2,4,55,10,False,4,4,True,12,8,0,True,10,0,7,5396,False,3,32,0
1,2,50,8,True,3,1,True,14,3,1,False,4,2,3,6796,False,3,50,1
2,2,33,1,False,4,3,False,13,8,0,True,9,1,7,7625,False,4,38,0
2,3,68,1,False,1,4,False,11,7,0,False,9,0,7,7412,False,3,27,0
2,3,39,3,False,4,4,False,15,7,0,True,7,0,7,11159,False,3,32,0
2,4,42,14,False,1,4,True,12,7,0,True,7,2,7,4960,False,3,47,0
1,4,48,5,False,1,3,True,21,12,1,False,18,1,13,10475,False,2,40,0
2,3,59,7,False,3,3,False,19,3,0,False,5,2,1,14814,False,4,53,0
2,2,73,10,False,4,2,False,15,6,0,False,21,1,6,19141,False,2,41,0
2,1,84,16,False,1,4,True,14,2,0,True,2,3,2,5405,False,3,60,0
1,4,32,10,False,1,3,False,21,7,0,False,9,0,7,8793,False,3,27,0
2,4,59,1,False,3,2,False,12,10,0,False,22,1,7,19189,False,2,41,0
2,4,54,8,False,2,4,False,15,2,0,False,2,2,2,3875,False,3,50,0
2,1,67,1,False,2,4,False,13,7,1,True,7,0,7,2216,False,1,28,1
0,1,63,8,False,1,1,False,14,5,0,False,8,1,7,11713,False,4,36,0
2,3,81,1,False,3,4,False,14,0,1,True,1,1,0,7861,False,3,38,0
0,1,49,24,False,3,3,False,14,4,0,True,5,1,2,3708,True,1,44,0
1,4,49,3,False,3,4,True,12,13,1,False,22,2,2,13770,False,3,47,0
2,3,99,27,False,4,4,True,23,7,0,False,8,0,7,5304,False,3,30,0
2,3,99,10,False,3,3,False,11,0,0,True,1,0,0,2642,False,3,29,0
1,3,57,19,False,3,4,False,12,2,1,False,2,1,2,2759,False,4,42,1
1,4,47,15,False,4,3,True,18,2,0,False,2,1,2,6804,False,2,43,0
2,2,96,8,False,3,4,False,11,3,0,True,5,0,1,6142,False,3,34,0
2,2,37,9,False,1,4,False,14,2,0,False,4,4,3,2500,True,3,23,0
2,3,44,3,False,2,3,False,15,6,0,False,8,1,3,6389,False,4,39,0
2,3,81,9,False,4,3,False,11,1,0,False,10,3,7,11103,False,3,56,0
2,4,86,2,False,4,4,False,20,3,1,True,4,1,2,2342,False,2,40,0
2,4,55,7,False,1,1,False,19,7,0,True,7,0,6,6811,False,2,27,0
2,4,83,10,False,2,4,False,14,2,0,False,2,0,2,2297,False,3,29,0
2,4,86,6,False,4,4,False,17,2,0,True,2,2,2,2450,True,3,53,0
0,4,61,2,False,1,1,False,11,0,0,False,1,1,0,5093,False,3,35,0
1,1,80,24,False,4,4,False,15,7,0,False,10,0,8,5309,True,3,32,0
2,4,92,2,False,3,2,False,13,1,1,False,1,1,0,3057,False,3,38,0
2,2,32,8,False,1,3,False,14,0,0,False,0,0,0,5121,False,3,34,0
2,3,31,3,False,1,1,False,11,16,0,False,34,2,6,16856,False,2,52,0
2,4,63,1,False,4,3,False,13,8,1,True,10,0,9,2686,False,3,33,1
2,3,32,26,False,4,2,True,23,4,0,True,6,0,5,6180,False,3,25,0
2,2,46,2,True,3,1,False,13,1,0,True,8,2,7,6632,False,1,45,0
2,1,79,10,False,3,4,False,18,2,0,True,2,4,2,3505,False,4,23,0
1,2,77,27,False,3,4,True,12,3,1,True,5,2,4,6397,False,4,47,1
2,4,60,2,False,4,3,True,22,4,0,True,6,0,5,6274,False,3,34,0
2,4,78,2,False,1,4,False,13,4,1,False,5,3,2,19859,False,3,55,1
0,1,76,8,False,1,2,True,15,9,0,True,10,1,7,7587,False,2,36,0
0,4,41,19,False,4,1,False,18,2,0,False,4,2,3,4258,False,3,52,0
1,1,71,1,False,4,1,False,14,0,0,False,2,0,2,4364,True,1,26,0
2,2,66,27,False,3,1,False,12,1,0,False,8,0,7,4335,False,3,29,0
2,4,38,8,True,1,3,True,17,2,0,True,4,0,3,5326,False,2,26,1
2,2,72,1,False,4,3,False,16,3,0,True,4,0,2,3280,False,4,34,0
2,4,95,19,False,1,2,False,11,4,1,False,5,2,3,5485,False,3,54,0
1,3,84,8,False,4,2,True,19,1,0,False,4,0,2,4342,False,3,27,0
2,4,82,10,False,1,2,False,13,3,1,False,5,1,3,2782,False,3,37,0
1,1,75,2,False,1,4,False,12,12,1,True,15,1,7,5980,False,4,38,0
2,3,86,2,False,1,3,False,11,3,0,True,6,0,5,4381,False,2,34,0
2,1,72,8,False,4,2,False,16,2,0,False,3,1,2,2572,False,3,35,0
2,4,38,1,False,3,3,False,21,2,0,False,2,0,2,3833,True,1,30,0
1,3,38,2,False,2,4,False,24,7,0,False,8,1,7,4244,False,4,40,0
2,3,93,8,False,1,2,True,17,2,0,False,3,0,2,6500,False,3,34,0
1,2,66,8,False,4,2,False,13,9,0,False,24,1,7,18430,False,3,42,0
2,3,63,6,False,1,3,False,21,0,1,False,0,4,0,1601,True,4,23,1
0,3,60,9,False,2,3,False,11,0,0,False,1,4,0,2694,True,2,24,0
2,4,82,11,False,3,2,False,20,4,0,False,5,2,2,3149,True,3,52,0
2,3,64,2,False,3,4,False,16,3,0,False,4,2,3,17639,False,3,50,0
2,2,36,1,False,1,4,False,11,0,1,False,1,0,0,2319,True,2,29,1
2,3,49,7,False,3,4,False,11,7,0,False,13,0,9,11691,False,3,33,0
2,1,69,16,False,1,3,True,15,2,0,True,3,0,2,5324,False,3,33,1
2,3,33,2,False,4,3,False,11,0,1,False,26,2,14,16752,False,3,47,0
2,3,35,1,False,2,1,False,15,5,0,False,9,1,7,5228,False,3,36,0
2,3,81,23,False,3,3,False,24,7,0,False,10,0,7,2700,False,4,29,0
2,4,31,2,False,2,4,False,12,8,1,True,31,3,15,19246,False,3,58,1
2,4,40,1,False,3,3,False,13,2,0,True,2,1,2,2506,False,4,35,0
2,4,43,1,False,4,4,False,13,2,1,False,4,1,3,6062,False,2,42,0
2,3,46,2,False,3,4,False,17,1,0,True,2,0,2,4382,False,3,28,1
2,3,36,13,False,2,2,False,13,4,0,False,5,1,2,2143,False,3,36,0
2,3,98,4,False,3,3,False,12,8,0,False,14,0,13,6162,False,2,32,0
1,1,51,16,False,3,4,False,14,0,0,True,1,1,0,5094,True,2,40,0
2,3,52,2,False,4,2,False,24,0,1,True,0,0,0,6877,False,2,30,0
2,2,95,2,False,3,4,False,14,0,0,True,1,2,0,2274,False,2,45,0
2,2,98,29,False,2,4,False,13,8,0,False,9,1,8,4434,False,3,42,0
1,1,45,12,False,1,3,False,15,2,0,False,4,1,3,6288,False,2,38,0
1,3,100,16,False,4,3,False,16,3,0,True,5,0,2,2553,False,2,34,0
2,3,43,11,False,4,1,True,18,7,0,False,9,2,8,7654,False,3,49,1
2,3,37,2,False,4,3,True,16,3,0,True,9,3,7,5160,False,3,55,1
2,2,94,14,False,1,3,False,24,0,0,False,4,1,1,17159,False,3,43,0
2,3,42,5,True,4,2,False,16,8,1,False,9,0,8,12808,False,2,27,0
2,3,59,7,False,3,2,False,21,6,0,True,8,1,5,10221,False,3,35,0
2,2,81,2,False,2,1,True,20,5,1,False,8,0,7,4779,False,3,28,0
2,3,88,3,False,4,3,False,19,2,0,False,3,0,2,3737,False,3,34,0
1,3,88,5,False,3,1,False,14,7,1,False,8,0,7,2366,False,2,26,1
0,4,50,3,False,4,3,False,11,0,0,False,0,0,0,1706,False,3,27,0
2,1,66,26,False,3,3,False,14,17,0,False,20,2,6,16307,False,3,51,0
2,4,50,4,False,2,4,False,12,3,0,True,5,1,2,5933,False,3,44,0
2,1,65,2,False,1,3,False,13,1,0,True,4,0,3,3424,False,4,25,0
2,1,48,1,False,1,1,True,22,8,0,False,9,0,8,4037,False,4,33,0
2,3,53,27,False,1,4,False,11,1,0,True,6,1,5,2559,False,2,35,0
2,2,56,1,False,4,4,True,14,11,1,False,18,1,14,6201,False,3,36,0
2,2,73,13,False,4,3,True,11,3,0,False,5,0,2,4403,False,3,32,0
1,2,75,5,False,4,2,False,12,3,0,False,5,0,4,3761,False,2,30,0
2,1,78,7,False,4,4,True,18,4,1,False,5,2,2,10934,False,2,53,0
2,4,74,9,False,1,3,True,12,2,1,False,5,2,4,10761,False,3,45,0
2,3,91,8,False,3,3,False,12,3,0,False,5,0,3,5175,False,4,32,0
1,3,81,25,False,4,3,False,22,0,0,False,9,2,8,13826,False,2,52,0
2,4,66,16,False,3,4,True,19,0,0,False,1,1,0,6334,False,2,37,0
2,2,63,8,False,4,4,False,13,4,0,False,5,0,1,4936,False,2,28,0
2,4,33,1,False,4,1,False,22,2,0,False,2,4,2,4775,False,2,22,0
2,1,62,8,False,4,3,False,24,2,1,False,3,1,2,2818,True,4,44,0
1,2,35,2,False,4,4,False,14,2,1,True,2,1,1,2515,False,3,42,0
2,1,77,8,False,1,3,False,21,3,0,False,5,1,4,2342,False,2,36,0
2,3,98,3,False,1,4,True,18,3,1,False,5,0,3,4194,False,3,25,0
2,4,66,9,False,3,2,False,20,15,1,False,17,1,14,10685,False,2,35,0
1,4,96,25,False,2,1,False,19,8,1,False,10,1,2,2022,False,3,35,1
0,4,61,1,False,4,2,False,12,2,0,False,3,0,0,2314,True,3,32,0
2,3,87,4,False,1,1,True,12,3,0,False,5,0,2,4256,False,2,25,0
2,3,36,1,True,1,2,False,16,2,0,False,4,2,2,3580,False,3,49,0
0,1,46,4,False,4,4,False,17,4,0,False,5,4,2,3162,True,2,24,0
1,2,48,5,False,2,4,True,14,3,0,False,10,0,8,6524,False,3,32,0
2,2,98,9,False,2,4,False,19,2,0,False,2,1,2,2899,False,2,38,0
2,3,95,3,False,4,2,False,13,3,1,False,5,1,3,5231,True,4,42,0
2,4,48,11,False,4,2,False,19,2,1,False,6,0,4,2356,False,3,31,0
2,2,48,1,False,3,3,False,19,2,1,False,3,0,2,2800,False,2,29,1
2,1,73,8,False,4,3,True,14,2,0,False,2,2,0,11836,False,3,53,0
2,4,78,25,True,2,1,False,16,8,0,False,13,1,10,10903,False,2,35,0
1,3,54,21,False,4,2,False,15,0,0,False,5,1,4,2973,False,3,37,0
2,4,72,23,False,4,3,False,18,8,0,True,12,2,9,14275,False,3,53,0
1,4,33,1,False,4,2,False,13,2,0,False,5,1,2,5562,False,3,43,0
2,3,35,2,False,4,1,True,22,7,1,False,7,2,6,4537,False,3,47,0
0,1,32,19,False,2,4,True,13,9,1,True,10,1,0,7642,False,3,37,0
0,1,98,2,False,1,4,False,11,7,0,False,31,2,6,17924,False,3,50,0
2,4,42,2,False,4,3,False,11,4,0,False,5,1,4,5204,False,2,39,0
2,4,57,3,False,2,3,False,11,3,1,False,4,0,3,2277,False,3,33,0
2,1,87,25,False,4,3,False,24,1,1,True,1,0,0,2795,True,3,32,1
2,1,62,7,False,4,3,False,14,3,0,False,4,0,3,2532,True,2,29,0
2,2,61,9,False,1,4,False,13,1,1,False,8,1,7,2559,False,3,44,0
2,1,98,5,False,4,2,True,14,2,0,True,4,0,2,4908,False,3,28,0
1,4,57,2,False,4,4,False,14,0,1,False,1,3,0,2380,True,2,58,1
2,1,55,8,False,2,3,False,21,0,0,False,1,1,0,4765,False,3,43,0
2,3,49,2,False,3,4,False,13,2,0,True,2,4,2,2044,False,2,20,1
2,4,65,18,False,4,1,False,19,0,0,True,1,4,0,2693,False,3,21,1
2,3,68,14,False,4,1,False,17,11,1,False,16,1,8,6586,False,3,36,0
2,4,65,2,False,4,1,False,18,2,1,True,3,2,2,3294,False,2,47,0
2,2,34,3,False,3,1,False,19,2,1,False,3,4,2,4171,False,3,22,1
2,2,57,2,False,4,3,False,13,0,1,False,7,1,7,2778,True,1,41,1
2,3,77,9,False,3,2,False,18,2,0,False,2,0,2,2377,False,3,28,0
2,4,70,6,False,1,4,False,21,2,1,False,2,1,2,2404,True,3,39,1
2,2,76,4,False,3,3,False,19,0,0,True,1,0,1,2318,False,3,27,0
2,2,83,10,False,2,2,False,14,0,0,False,1,0,0,2008,True,3,34,0
2,3,68,14,False,3,1,True,17,3,0,True,5,1,4,6244,False,2,42,0
2,3,100,1,False,1,2,False,11,2,1,True,3,0,2,2799,False,2,33,0
2,3,37,5,True,2,4,False,13,4,1,False,6,3,0,10552,False,2,58,0
2,2,41,7,False,3,2,False,15,2,0,False,7,0,7,2329,False,2,31,0
2,4,51,21,False,4,4,False,25,7,1,False,10,1,6,4014,False,3,35,0
2,1,51,8,False,2,3,False,11,7,0,False,26,2,9,7403,True,3,49,0
2,4,51,20,False,3,1,False,17,0,0,False,0,2,0,2259,False,3,48,0
0,4,45,20,False,3,4,True,13,0,0,False,9,0,8,6932,False,3,31,0
2,2,65,7,False,4,3,False,18,1,0,True,6,1,2,4678,False,3,36,0
2,4,80,1,True,1,2,False,13,11,0,False,15,1,12,13582,False,3,38,0
0,3,70,1,False,2,3,False,20,2,0,False,3,0,0,2332,True,2,32,0
2,3,36,19,False,2,3,False,18,0,1,False,1,0,0,2413,False,2,25,1
2,1,67,10,False,2,2,True,12,0,0,False,1,1,0,9705,False,2,40,0
1,3,52,1,False,1,2,True,12,7,0,True,7,0,7,4294,False,2,26,0
2,4,59,6,False,1,3,False,13,17,1,True,18,1,13,4721,True,3,41,0
2,3,79,2,False,3,3,False,21,9,0,True,11,1,8,2519,True,3,36,0
2,4,37,21,False,2,2,False,13,0,1,True,1,4,0,2121,False,2,19,1
2,1,84,4,True,1,2,False,19,0,0,True,1,4,0,2973,True,3,20,1
2,4,41,12,False,4,3,False,11,5,1,False,9,0,7,5855,False,3,31,0
1,4,35,9,False,2,4,False,14,0,1,False,1,1,1,3617,False,3,40,0
2,3,93,3,False,1,3,False,12,3,0,False,8,0,7,6725,False,3,32,0
2,3,51,3,False,4,1,True,11,7,1,False,16,1,7,10325,False,2,36,1
2,2,42,1,False,4,1,False,14,4,0,True,5,0,0,6949,False,2,33,0
2,1,46,1,False,3,3,True,11,7,0,False,14,1,1,10609,False,2,37,1
0,3,57,4,False,2,2,False,12,8,0,False,9,2,7,4447,True,3,45,0
1,3,84,20,True,4,2,False,15,2,0,False,3,0,1,2157,False,3,29,0
2,3,86,18,False,3,2,True,16,0,0,False,5,1,2,4601,False,3,35,0
2,4,70,1,False,4,2,False,15,8,0,False,9,2,8,17099,False,3,52,0
2,4,51,2,True,3,1,False,24,0,0,True,1,3,0,2479,False,3,58,1
2,3,45,2,False,3,3,False,13,2,0,False,17,2,13,14852,False,3,53,0
2,3,62,8,False,3,1,True,11,7,0,False,8,0,4,7264,False,3,30,0
0,3,85,10,True,4,2,True,13,3,1,True,5,1,3,5666,False,3,38,0
2,4,92,3,False,4,2,True,13,8,0,False,10,1,9,7823,False,3,35,0
2,1,41,2,False,3,4,True,18,7,0,True,8,1,7,7880,False,4,39,0
0,2,100,24,False,2,4,True,16,0,1,True,1,1,0,13194,False,4,40,1
1,3,64,16,False,3,3,False,19,7,1,False,19,2,10,5067,False,4,47,0
0,1,84,8,True,4,4,True,13,7,0,False,7,1,7,5079,False,3,36,0
0,3,46,9,False,1,1,False,22,2,1,True,3,0,2,2321,False,2,31,1
0,4,38,17,False,3,4,False,11,0,0,True,10,0,8,17444,False,3,33,0
2,4,92,10,False,1,3,False,20,0,1,True,0,0,0,2404,False,2,29,1
2,2,53,13,False,4,1,False,18,2,0,True,3,0,2,3452,False,3,33,0
2,4,91,1,False,4,4,False,14,2,0,False,5,2,3,2270,True,3,45,0
2,4,66,1,False,4,3,False,22,3,0,False,5,2,4,17399,False,3,50,0
1,3,84,1,False,2,1,False,13,2,1,False,6,0,5,5488,False,4,33,0
1,1,64,9,False,3,2,False,17,11,0,False,18,1,16,19419,False,3,41,0
2,3,37,16,True,2,2,False,14,2,0,False,2,0,2,2811,True,3,27,0
0,4,42,23,False,1,3,False,15,8,1,False,9,2,8,3633,True,3,45,0
2,4,83,4,False,4,3,True,17,7,1,True,9,2,0,4163,False,3,47,0
2,1,48,22,False,3,2,False,11,1,1,False,5,0,2,2132,False,3,30,1
2,4,95,24,False,3,4,False,18,5,1,False,12,2,11,13973,False,3,50,0
1,3,66,10,False,3,2,False,17,2,0,False,2,1,1,2684,False,3,38,0
2,4,75,7,False,3,2,False,13,7,0,False,8,2,7,10845,False,3,46,0
2,4,41,17,False,3,2,False,15,2,0,False,4,4,2,4377,False,2,24,0
2,3,39,14,False,2,4,False,24,2,1,False,4,1,2,3743,True,2,35,1
1,3,96,1,False,1,3,False,12,3,0,False,4,0,3,4148,False,3,31,0
0,2,73,5,False,4,4,False,15,0,0,True,0,4,0,1051,False,3,18,0
2,3,56,17,True,3,3,False,11,8,0,False,10,2,7,10739,False,3,54,0
2,3,57,25,False,3,3,False,11,1,1,False,16,1,10,10388,False,3,35,0
2,2,73,8,False,1,3,False,12,7,1,False,8,0,7,11416,False,4,30,0
2,4,98,11,False,1,1,False,15,0,1,True,1,4,0,2600,False,2,20,1
1,2,60,5,False,2,1,False,17,2,0,True,3,0,2,2422,True,3,30,1
2,4,32,2,False,4,2,False,12,3,0,False,8,0,7,5472,False,4,26,0
2,2,94,8,False,1,1,False,15,1,0,False,4,4,3,2451,True,1,22,0
2,1,97,6,False,3,4,False,13,2,0,True,2,2,2,4240,False,2,48,0
2,3,78,4,False,3,2,False,14,8,0,True,15,2,11,10999,False,2,48,0
2,4,42,7,False,3,2,False,14,1,0,True,2,1,2,5003,False,3,41,0
2,4,65,1,False,4,3,False,16,8,0,False,21,1,6,12742,False,2,39,0
2,1,47,2,False,4,2,False,18,2,0,False,3,0,2,4227,False,3,27,0
2,2,45,10,False,4,1,False,20,2,0,False,3,1,2,3917,True,3,35,0
2,4,90,5,False,3,2,False,13,0,0,False,1,1,0,18303,False,3,42,0
2,1,64,9,False,4,2,False,18,0,0,False,1,2,0,2380,True,3,50,0
2,3,69,2,False,4,1,False,13,3,1,True,5,3,3,13726,False,2,59,0
2,1,61,11,False,2,1,False,15,0,0,False,1,1,0,4777,False,1,37,1
1,3,62,18,False,2,4,False,14,7,1,False,8,3,7,6385,False,3,55,0
0,2,55,7,False,3,2,False,22,10,0,False,21,1,16,19973,False,1,41,0
2,2,42,3,False,4,3,True,12,0,1,True,1,1,0,6861,False,3,38,0
0,2,79,29,False,1,4,True,18,2,0,True,2,0,2,4969,False,1,26,1
2,1,57,2,False,4,4,False,15,9,0,False,32,2,14,19845,False,1,52,1
2,4,53,28,False,4,3,True,18,11,1,False,12,1,11,13320,False,4,44,0
0,4,95,1,False,3,1,True,12,13,0,False,18,2,7,6347,False,3,50,0
2,3,43,16,False,1,3,False,16,14,0,True,17,1,13,2743,True,4,36,1
1,4,82,22,False,1,3,False,13,8,1,True,21,1,6,10880,False,3,39,0
0,2,88,8,False,4,4,False,19,2,0,True,2,0,2,2342,False,2,33,0
2,4,90,11,False,4,2,False,13,1,0,False,9,2,3,17650,False,3,45,0
0,4,69,29,False,3,2,False,12,7,0,True,8,0,7,4025,True,3,32,0
2,2,75,1,False,4,4,True,11,9,0,False,15,0,1,9725,False,4,34,0
2,2,66,1,True,4,3,False,14,4,1,False,6,3,4,11904,False,3,59,0
2,2,36,24,False,2,1,False,16,4,0,True,6,2,3,2177,False,3,45,0
1,3,38,2,False,2,1,True,12,12,0,False,15,2,7,7525,False,2,53,0
2,1,81,15,False,3,2,False,14,0,0,False,1,1,0,4834,True,3,36,1
1,1,57,2,False,1,2,False,14,2,1,False,3,0,2,2042,False,3,26,1
2,3,87,10,False,3,4,False,19,0,1,False,1,0,1,2220,False,3,34,0
2,4,74,10,False,2,2,False,22,0,0,False,1,0,0,1052,False,3,28,0
1,3,44,3,False,3,1,False,16,2,0,False,2,1,2,2821,False,3,38,0
2,2,62,2,False,3,4,False,11,7,1,False,8,2,1,19237,False,3,50,0
2,4,35,3,False,2,1,False,15,1,0,True,4,1,3,4107,False,3,37,0
2,3,74,26,False,1,2,True,14,5,0,False,7,1,7,8396,False,3,40,0
1,1,66,1,False,3,3,False,13,3,0,False,5,0,3,2007,False,2,26,0
2,4,40,1,False,4,4,False,17,2,0,False,2,2,2,19627,False,3,46,0
2,3,41,2,False,3,2,True,11,0,0,False,9,2,4,10686,False,2,54,0
1,1,63,9,False,3,2,False,19,3,0,False,5,3,4,2942,False,3,56,0
2,4,51,12,False,4,2,False,11,8,0,True,14,1,8,8858,False,2,36,0
0,3,40,2,False,1,2,False,15,2,0,True,9,3,7,16756,False,2,55,0
2,3,79,25,False,4,3,True,13,0,0,False,1,1,0,10798,False,2,43,0
1,4,54,9,False,4,2,False,14,2,1,True,2,4,2,2323,False,3,20,1
2,3,36,10,False,1,1,False,13,0,0,True,1,4,0,1416,True,2,21,1
2,4,74,8,False,1,1,False,23,7,1,False,16,2,13,4615,False,2,46,0
2,1,34,4,False,3,3,False,12,7,1,False,10,2,0,2461,False,3,51,1
0,2,72,24,True,1,1,False,12,9,0,True,10,0,7,8722,False,2,28,1
2,1,59,1,False,1,1,False,16,3,0,False,5,0,3,3955,True,2,26,0
2,3,85,20,False,1,3,False,15,2,0,False,6,0,2,9957,False,3,30,0
2,2,43,7,True,3,3,False,13,8,0,False,10,1,6,3376,False,4,41,0
2,3,65,17,False,3,1,False,18,9,0,False,19,1,9,8823,False,2,38,0
2,1,61,20,True,4,4,False,20,1,0,False,11,1,10,10322,False,3,40,0
0,1,87,8,False,3,4,False,19,2,0,False,3,0,2,4621,True,1,27,0
1,4,65,2,False,2,2,False,18,2,0,False,3,3,2,10976,False,3,55,0
2,3,59,10,False,3,4,False,13,7,0,True,8,0,7,3660,False,3,28,0
2,2,91,1,False,1,4,False,14,6,0,False,20,1,6,10482,False,2,44,1
2,4,34,5,False,4,3,False,15,2,0,False,3,0,2,7119,False,2,33,0
2,4,86,4,True,1,1,True,22,7,1,True,8,1,7,9582,False,3,35,1
1,1,54,29,False,3,2,False,22,8,0,True,13,0,7,4508,False,2,33,1
2,1,50,15,False,3,4,False,16,2,0,False,4,0,2,2207,True,3,28,0
1,1,45,3,False,4,3,False,17,4,0,True,6,0,2,7756,False,3,34,0
2,4,88,10,False,4,3,True,14,0,1,False,1,1,0,6694,False,2,37,0
2,4,32,4,True,4,2,False,15,6,1,False,7,0,7,3691,True,3,25,1
2,1,37,21,False,3,3,False,20,0,0,False,1,0,1,2377,True,3,26,1
2,1,55,25,False,2,2,False,20,2,1,True,2,0,2,2313,False,2,33,1
2,4,35,2,False,1,4,False,17,7,0,False,22,1,6,17665,False,3,42,0
1,1,45,1,False,2,1,False,15,0,0,False,1,0,0,2596,True,2,28,1
1,4,81,1,False,3,4,True,14,0,1,True,0,2,0,4728,False,3,50,1
1,4,30,7,False,2,3,True,17,2,0,False,3,0,2,4302,False,3,33,0
0,3,40,3,False,4,4,False,17,0,0,False,0,0,0,2979,False,2,34,0
0,1,35,1,False,4,3,False,22,1,0,True,5,2,4,16885,False,4,48,0
0,2,65,9,False,3,4,True,13,12,0,False,15,2,10,5593,False,2,45,0
2,2,87,7,False,2,4,False,19,0,0,True,8,2,6,10445,False,3,52,0
2,3,73,10,False,3,2,True,14,7,1,False,8,1,7,8740,False,2,38,0
2,3,93,28,False,4,1,False,22,7,0,False,7,0,5,2514,False,3,29,0
2,4,93,3,False,2,2,False,17,7,0,False,9,0,7,7655,False,3,28,0
2,1,52,3,False,3,4,False,12,9,0,False,12,2,9,17465,False,3,46,0
2,4,32,2,False,2,3,True,16,0,0,True,1,1,0,7351,False,3,38,0
1,3,83,27,False,1,3,False,11,1,0,False,8,1,7,10820,False,3,43,0
1,1,84,2,False,4,4,False,11,5,0,False,18,1,7,12169,False,3,39,1
2,3,44,14,False,3,1,False,14,9,0,True,20,1,7,19626,False,2,40,0
2,4,70,1,True,2,3,False,11,2,1,True,2,4,2,2070,False,2,21,0
0,3,70,9,False,2,3,False,15,3,0,True,5,1,4,6782,True,3,39,0
0,1,78,18,False,4,1,False,20,9,0,True,11,1,9,7779,False,3,36,0
1,3,67,20,False,4,1,False,12,2,0,False,2,0,2,2791,False,4,31,0
2,1,67,2,False,2,1,False,17,4,0,False,5,0,3,3201,False,2,28,0
1,4,54,11,False,4,4,True,11,2,0,False,5,1,2,4968,False,3,35,0
2,4,56,8,True,2,2,True,17,3,0,False,9,2,8,13120,False,2,49,0
1,4,95,2,False,3,4,False,11,2,0,True,3,0,2,4033,False,3,34,0
1,4,61,10,False,2,4,False,14,1,0,False,7,0,5,3291,False,3,29,0
2,2,56,29,False,4,1,False,19,0,0,True,1,1,0,4272,True,1,42,0
2,2,79,8,False,4,3,False,15,2,1,False,10,0,7,5056,False,2,29,0
2,3,37,1,False,3,4,False,13,0,0,False,7,1,6,2844,False,4,38,0
1,3,39,6,False,3,4,False,14,2,1,False,3,0,1,2703,False,2,28,0
0,3,80,8,False,3,4,False,12,0,0,True,0,4,0,1904,True,3,18,1
2,1,77,9,False,1,1,True,17,3,1,True,5,0,2,8224,False,3,33,1
2,2,46,12,False,4,1,False,11,0,1,False,1,1,0,4766,True,3,41,0
1,3,72,15,False,3,3,False,12,2,0,False,2,0,2,2610,True,3,31,1
2,3,52,25,False,4,3,False,13,3,0,False,6,1,2,5731,False,2,37,0
2,4,55,6,False,3,3,False,13,2,0,False,4,0,2,2539,False,2,27,0
2,2,70,9,False,3,1,True,20,3,0,False,6,0,5,5714,False,3,34,0
2,3,100,8,True,3,2,False,17,4,0,True,5,1,4,4323,False,3,35,0
2,4,45,23,False,1,1,True,13,10,0,False,11,0,8,7336,False,2,29,1
1,2,88,9,False,3,3,False,17,13,0,True,18,1,7,13499,False,3,40,0
1,3,44,12,False,1,2,True,12,14,1,True,21,1,9,13758,False,3,42,1
2,2,45,4,False,1,4,True,13,5,0,True,6,1,4,5155,False,3,42,0
2,4,58,1,False,3,2,False,12,7,0,False,8,1,0,2258,True,2,35,0
2,4,49,24,False,2,4,False,22,2,0,True,4,4,3,3597,True,3,24,0
2,3,79,12,False,4,4,False,11,0,1,False,1,0,1,2515,True,3,28,1
2,1,82,3,False,4,2,False,22,7,0,False,8,0,7,4420,True,4,26,0
2,3,72,10,False,3,1,True,18,4,0,False,10,0,3,6578,False,2,30,0
1,3,92,26,False,4,4,False,13,0,1,False,1,1,1,4422,False,2,40,0
2,3,44,2,False,2,2,False,18,4,0,False,7,1,7,10274,False,2,35,0
1,4,97,1,False,1,3,False,20,9,0,True,13,0,9,5343,False,2,34,0
1,4,47,4,False,4,2,False,13,2,0,False,2,1,2,2376,True,2,35,0
2,1,85,9,False,3,2,True,13,3,0,True,4,1,3,5346,False,1,43,1
0,3,76,2,False,1,3,False,12,0,0,False,1,0,0,2827,False,3,32,0
2,4,92,4,True,1,4,False,13,2,0,False,5,3,2,19943,False,3,56,0
2,2,54,6,False,4,1,False,13,8,0,False,10,0,8,3131,True,3,29,0
2,3,54,9,False,1,3,False,25,0,0,True,1,4,1,2552,False,3,19,0
2,1,83,7,False,3,3,False,19,2,1,False,3,2,2,4477,False,3,45,0
2,4,56,1,False,4,2,False,13,11,0,False,14,1,8,6474,False,2,37,0
2,1,87,3,False,3,1,False,12,2,0,True,2,4,2,3033,True,2,20,0
2,3,96,10,False,3,3,False,11,2,1,True,6,1,4,2936,False,3,44,1
2,4,50,7,False,3,2,False,18,7,0,False,7,2,7,18606,False,3,53,0
2,2,69,15,False,4,1,False,18,3,1,False,5,0,4,2168,False,1,29,0
1,3,48,3,False,4,2,False,11,0,1,False,0,4,0,2853,False,2,22,1
2,3,69,2,False,1,1,False,23,9,0,False,26,2,15,17048,False,3,46,0
0,4,74,17,False,3,4,False,13,0,0,True,0,1,0,2290,False,1,44,0
2,2,99,2,False,3,4,False,13,4,0,False,5,0,4,3600,False,3,33,0
0,1,95,5,False,1,1,False,17,0,0,False,1,1,0,2107,False,2,41,1
2,3,61,29,False,1,3,True,19,3,0,False,4,0,3,4115,False,3,30,0
1,2,62,2,False,2,4,True,12,0,0,False,0,1,0,4327,False,3,40,0
1,4,30,2,False,1,3,False,22,2,0,False,2,2,2,17856,False,3,50,0
2,4,78,19,False,1,3,False,12,3,0,False,6,0,5,3196,True,2,28,0
2,4,52,15,False,2,1,False,11,3,0,False,4,2,2,19081,False,3,46,0
2,3,94,17,False,1,4,True,15,7,1,False,7,1,7,8966,False,3,35,0
2,4,97,17,False,2,1,False,13,0,0,False,1,4,0,2210,True,3,24,1
1,2,82,25,False,3,1,True,12,1,0,False,10,0,7,4539,False,3,33,0
2,3,60,6,False,3,3,False,14,7,0,False,7,1,7,2741,True,1,36,0
2,3,49,7,False,3,1,False,13,9,0,False,10,0,7,3491,True,3,30,0
2,4,32,29,False,4,2,False,25,17,0,True,20,1,11,4541,False,3,44,0
2,3,43,21,False,4,4,False,17,2,0,True,2,4,1,2678,False,4,20,0
2,4,60,2,True,4,3,False,11,4,0,False,6,2,3,7379,False,3,46,0
0,4,79,2,False,1,1,False,16,3,0,False,4,1,3,6272,False,4,42,0
2,2,52,7,False,4,2,True,18,9,1,False,11,3,7,5220,False,4,60,0
1,3,77,13,False,2,3,False,20,2,0,False,2,0,2,2743,True,2,32,0
1,4,38,2,False,3,4,False,14,7,1,True,8,0,7,4998,False,3,32,0
2,3,77,1,True,1,3,False,21,7,1,False,7,1,7,10252,False,1,36,0
2,1,60,9,False,4,2,False,13,10,0,False,14,0,10,2781,False,3,33,0
2,2,84,10,True,2,2,True,12,3,0,False,5,1,1,6852,False,2,40,0
2,3,57,10,False,4,2,True,14,1,0,True,4,0,3,4950,False,3,25,0
2,4,63,1,False,2,1,False,21,7,1,False,11,0,9,3579,False,3,30,0
1,1,60,26,False,1,3,False,17,0,1,False,1,1,0,13191,False,3,42,0
0,3,78,8,False,4,2,True,11,12,1,False,13,1,2,10377,False,2,35,0
2,1,42,14,False,1,4,False,14,8,1,False,9,0,7,2235,False,3,27,0
1,4,53,1,False,3,1,False,17,4,0,False,5,2,4,10502,False,3,54,0
2,1,72,2,False,4,4,False,13,7,0,False,10,1,5,2011,False,4,44,0
0,1,96,10,False,2,2,False,25,0,1,True,1,4,1,1859,False,2,19,1
2,1,97,1,False,4,1,False,15,2,0,False,3,0,2,3760,False,3,29,0
2,4,85,3,False,4,1,False,14,9,0,False,10,2,9,17779,False,3,54,0
2,3,80,11,False,1,4,False,12,1,1,False,6,0,5,6833,False,3,31,0
2,3,96,24,False,1,2,False,19,8,0,True,10,0,9,6812,False,2,31,0
2,3,48,3,False,4,4,True,17,5,0,True,6,3,1,5171,False,2,59,0
2,3,96,3,False,4,2,False,14,7,0,False,8,1,7,19740,False,1,43,0
2,1,85,4,False,3,3,False,13,0,0,False,1,2,0,18711,False,2,49,0
1,3,46,3,True,2,3,False,12,7,0,False,11,1,10,3692,False,3,36,0
2,4,76,2,True,2,3,False,11,0,0,True,1,2,0,2559,True,4,48,0
2,1,76,4,False,3,2,False,11,3,0,False,5,0,3,2517,False,3,27,0
2,3,82,7,False,4,2,False,11,0,1,False,6,0,0,6623,False,3,29,0
2,4,76,1,False,4,3,False,12,0,0,True,1,2,0,18265,False,2,48,0
2,4,87,1,False,4,2,False,14,7,0,False,7,0,7,16124,False,2,29,0
2,3,89,20,True,3,4,False,17,0,0,False,1,0,0,2585,False,4,34,0
2,2,88,5,False,2,3,False,11,10,0,False,22,1,9,18213,False,3,44,0
2,4,82,10,False,3,4,True,14,8,1,False,9,0,8,8380,False,4,33,0
2,2,57,25,False,4,4,False,12,1,1,True,1,4,0,2994,False,4,19,0
2,4,47,1,False,3,4,False,22,1,0,False,1,4,0,1223,False,3,23,0
1,3,73,24,False,4,4,False,14,0,1,True,1,0,0,1118,False,1,25,1
2,3,53,4,False,4,2,False,20,2,1,True,8,0,5,2875,False,3,26,0
2,1,94,2,False,2,1,False,16,11,1,True,24,2,10,18824,False,1,45,1
0,4,37,8,False,2,4,False,15,0,1,False,33,3,9,13577,False,2,55,0
1,1,45,10,False,3,3,False,20,2,0,True,2,4,2,2625,True,2,21,1
2,4,33,4,False,2,3,False,14,8,0,False,11,2,4,18789,False,2,46,0
2,3,86,2,False,1,4,True,12,2,1,True,3,0,2,4538,False,3,34,0
1,4,83,9,False,2,1,False,24,10,1,False,29,2,10,19847,False,3,51,0
2,4,67,18,False,4,4,False,12,4,0,True,9,3,7,10512,False,3,59,0
1,3,46,19,False,2,3,False,13,10,0,False,11,0,8,4444,True,3,34,0
1,4,44,1,False,3,3,False,11,2,1,True,4,0,2,2154,True,3,28,0
2,3,92,4,False,1,4,False,14,13,0,False,25,1,9,19190,False,4,44,0
1,3,56,11,False,2,4,False,11,8,0,False,10,0,9,4490,False,2,34,0
2,3,66,6,False,3,4,False,14,2,1,False,3,1,2,3506,False,3,35,0
2,2,78,7,False,2,4,False,16,0,1,False,1,1,0,2372,False,4,42,0
2,4,56,4,False,4,4,True,14,17,0,True,21,1,7,10231,False,2,43,0
2,3,53,2,False,2,4,False,11,12,1,True,16,1,14,5410,False,3,36,0
2,1,73,15,False,4,4,False,11,5,0,False,10,1,7,7978,False,3,44,1
1,4,52,2,False,4,2,False,12,2,1,False,2,0,2,3867,True,2,28,0
1,2,40,6,False,3,2,False,14,7,0,True,7,2,0,2838,True,2,51,0
0,3,72,9,False,3,3,False,18,7,1,True,8,0,4,4695,False,3,30,0
2,2,39,7,True,3,1,False,13,7,1,False,7,0,7,3339,True,3,29,1
2,4,84,1,True,1,2,False,11,2,0,True,3,0,2,2080,False,3,28,0
2,4,40,1,False,2,4,False,18,1,0,True,2,0,2,2096,False,3,25,0
2,3,56,8,False,4,3,True,15,8,0,False,10,0,7,6209,False,4,32,0
1,2,83,25,False,2,3,False,22,0,0,True,0,2,0,18061,False,3,45,0
2,3,94,13,False,2,4,False,13,2,1,False,19,1,9,17123,False,2,39,0
2,1,88,23,False,3,4,False,12,2,0,False,2,3,2,2372,False,3,58,0
2,4,79,7,False,3,1,False,18,1,0,False,10,0,4,4883,True,3,32,1
2,3,93,23,False,1,1,False,13,3,0,True,5,1,2,3904,False,3,39,1
2,1,48,6,True,4,1,False,12,7,0,False,9,0,2,4627,True,2,30,0
2,4,63,10,True,3,1,False,12,7,0,False,7,1,7,7094,False,3,36,0
2,4,44,1,False,1,3,False,12,7,0,True,7,2,6,3423,False,3,46,0
0,3,55,1,False,4,1,False,11,5,0,False,9,0,8,6674,True,1,28,0
2,4,43,28,False,1,2,False,11,2,1,False,3,2,2,16880,False,3,50,0
2,4,57,25,False,2,3,True,12,0,1,True,5,1,4,9094,False,2,40,1
2,2,64,5,False,2,3,True,19,7,1,True,8,2,7,8446,False,3,52,1
2,2,95,17,False,1,4,False,23,8,1,False,9,0,1,11916,False,3,30,0
2,1,32,18,False,3,1,False,11,7,0,True,8,1,7,4534,False,3,39,0
0,4,57,2,False,3,1,True,19,6,1,False,10,0,8,9852,False,3,31,0
0,3,40,10,False,2,1,True,13,9,0,True,19,1,2,6151,False,1,41,0
1,4,54,1,False,2,1,False,11,2,1,True,3,0,2,2302,False,3,31,1
2,1,89,3,False,1,3,False,12,2,0,False,3,1,2,2362,True,3,44,1
0,3,37,2,False,3,4,False,13,10,1,False,20,1,8,17861,False,3,42,0
2,4,58,2,False,3,4,False,14,11,0,False,19,3,9,19187,False,1,55,0
2,4,99,8,False,2,1,False,14,7,0,True,7,3,3,19717,False,3,56,0
0,3,74,16,False,3,2,False,16,0,0,False,4,1,2,3544,False,3,40,0
2,4,86,9,False,4,4,False,11,6,0,False,9,0,7,8500,False,3,34,0
2,3,98,2,False,4,3,False,13,8,0,True,9,1,8,4661,False,3,40,0
1,3,66,1,False,1,4,True,17,7,0,False,9,1,3,4103,False,3,41,0
1,3,87,4,False,3,2,False,11,1,1,True,9,1,6,4249,False,3,35,0
2,3,84,5,False,2,2,False,11,10,1,False,33,2,9,14026,False,3,51,0
2,2,31,2,False,1,4,True,15,7,0,False,7,1,7,6893,False,3,38,0
2,3,66,15,False,1,4,True,12,6,0,True,10,0,8,6125,False,3,34,0
2,4,67,19,False,4,3,False,11,2,0,False,3,0,2,3669,True,3,25,0
2,3,53,7,False,1,4,False,14,9,1,False,10,3,9,10008,False,2,58,1
2,2,88,1,False,2,3,False,22,3,0,False,4,1,2,2387,True,3,40,0
1,1,83,7,False,1,4,True,16,13,0,False,15,1,7,4639,False,4,36,0
2,4,54,4,False,4,3,False,11,8,0,True,10,2,9,7898,False,3,48,0
2,3,98,11,False,4,2,False,14,0,0,False,1,0,0,2534,False,4,27,0
2,4,82,11,True,2,2,False,16,3,0,True,5,2,2,13142,False,2,51,0
0,4,97,1,False,4,3,False,15,0,0,True,0,4,0,1611,True,3,18,0
2,4,60,1,False,4,2,False,12,0,0,False,9,1,7,5363,True,2,35,0
1,4,43,2,False,4,2,True,20,0,0,True,6,0,2,5071,False,1,27,0
2,1,85,13,False,3,3,True,17,8,1,True,19,3,7,13695,False,4,55,1
2,4,68,23,False,2,1,False,12,9,1,False,19,3,16,13402,False,3,56,0
0,1,92,26,True,3,3,False,20,0,0,False,5,0,4,2029,False,2,34,0
2,2,89,2,False,3,2,False,20,8,0,False,12,1,11,6377,False,4,40,0
2,2,86,29,False,3,1,False,13,7,0,False,8,0,7,5429,True,3,34,0
1,3,90,2,False,4,3,False,14,0,0,True,1,0,0,2785,False,2,31,1
1,4,67,18,False,3,3,True,18,2,1,False,4,1,2,4614,False,3,35,1
1,4,57,7,False,3,4,False,11,3,0,False,4,1,2,2610,False,4,38,0
2,3,98,2,True,4,4,False,11,11,0,True,14,0,11,6687,False,3,34,0
2,3,48,26,False,1,3,True,11,4,0,False,5,0,3,4724,False,2,28,0
2,4,98,22,False,3,4,False,15,7,1,False,10,0,2,6179,False,3,31,1
2,1,44,21,False,4,4,True,12,4,1,False,5,1,4,6120,False,2,39,0
1,2,52,2,False,2,2,True,11,2,0,False,4,2,2,10596,False,3,51,0
1,4,75,22,False,4,1,False,14,3,1,False,6,1,2,5467,False,3,41,0
2,3,54,4,False,3,4,False,15,3,1,False,6,1,4,2996,False,3,37,0
1,2,61,5,False,4,1,True,13,2,0,False,5,0,4,9998,False,3,33,0
2,3,36,2,False,2,1,True,13,2,1,False,3,0,2,4078,False,3,32,0
0,3,71,25,False,3,2,False,21,5,0,False,6,1,4,10920,False,3,39,0
2,1,93,18,False,3,2,True,11,2,0,False,3,0,2,6232,False,4,25,0
1,4,59,28,False,3,2,False,11,2,1,False,5,2,3,13247,False,4,52,0
2,1,73,6,False,3,1,False,14,8,1,True,20,1,7,4081,False,2,43,0
2,4,98,10,False,4,4,True,11,4,1,False,6,0,2,5769,False,2,27,0
2,4,51,17,False,3,4,False,13,7,1,True,8,0,2,2394,False,3,27,1
2,1,36,2,False,4,4,False,12,1,0,True,4,0,3,3904,False,2,26,0
2,3,31,10,False,1,3,False,14,9,0,False,20,1,7,16799,False,3,42,0
0,3,34,15,False,4,2,False,18,2,0,False,5,0,1,6667,False,3,32,0
0,4,33,1,False,3,3,False,15,2,0,False,3,1,2,4374,False,2,36,0
0,3,52,8,False,3,4,False,12,9,0,False,14,1,11,4148,False,3,35,0
0,3,98,1,False,2,1,False,18,12,0,False,13,2,8,11957,False,3,47,0
0,2,33,14,False,3,3,False,16,0,0,True,0,4,0,1514,False,3,18,0
0,1,32,21,False,3,3,True,19,2,0,False,3,1,2,5736,False,1,39,0
0,4,78,13,False,2,3,False,13,0,0,False,1,4,0,2033,False,3,24,0
0,4,62,2,False,2,4,True,15,7,0,True,11,0,7,5147,False,3,33,0
1,4,58,22,False,4,2,False,11,7,0,False,22,2,17,17174,False,3,48,0
1,4,97,4,False,2,2,False,13,2,0,False,4,1,2,5131,False,3,36,0
1,3,75,2,False,2,2,False,14,5,0,False,6,1,1,2468,True,2,38,0
1,4,77,15,False,1,4,False,19,3,0,False,7,0,6,4774,False,2,27,0
1,4,73,11,True,3,1,False,11,4,0,False,10,1,9,6323,True,3,40,0
1,4,97,2,False,2,3,False,13,2,0,False,3,0,2,3180,True,3,29,0
1,1,81,4,False,3,4,False,13,8,0,True,9,1,2,5042,False,3,39,0
1,1,74,9,False,4,3,False,13,8,0,True,12,1,9,3673,True,3,42,0
1,4,78,2,True,1,4,False,16,7,0,True,9,0,7,4968,False,2,30,0
1,1,79,1,False,3,3,True,12,0,0,False,1,1,0,4768,False,3,44,0
1,1,68,7,False,1,4,True,14,2,0,False,3,0,2,9637,False,3,31,0
2,3,82,2,False,2,3,False,14,2,0,False,2,0,0,2187,False,3,25,0
2,4,98,26,False,3,3,False,11,0,0,False,5,2,2,19658,False,3,47,0
2,4,96,8,False,2,4,False,18,2,0,True,3,0,2,2109,False,4,31,0
2,1,62,4,False,3,2,False,12,2,0,False,2,0,2,3978,True,4,31,0
2,2,47,12,False,1,2,False,12,7,0,False,7,1,4,4448,False,3,40,0
2,3,52,1,False,4,4,False,17,3,0,False,5,1,3,6513,False,3,40,0
2,4,91,4,True,1,3,False,13,0,0,False,1,0,0,2109,False,2,29,0
2,4,66,3,False,2,3,False,12,9,0,False,11,0,8,5433,False,3,34,0
2,4,59,2,False,4,1,False,19,9,0,False,10,2,7,5770,False,2,45,0
2,4,50,17,False,1,3,False,15,11,0,False,14,2,11,13269,False,2,50,0
2,1,82,4,False,2,4,False,11,2,0,False,5,0,4,3838,True,2,33,0
2,1,81,6,False,3,4,False,13,14,0,False,16,1,12,19392,False,2,43,0
2,1,53,3,True,3,4,False,11,2,0,False,2,2,2,13116,False,3,51,0
2,2,35,19,False,4,2,False,12,7,0,False,10,0,9,2929,False,2,34,0
2,2,86,8,False,3,1,False,17,2,0,False,3,0,2,3517,False,4,27,0
2,3,54,8,False,1,3,False,13,4,0,False,5,2,4,2950,True,3,52,0
2,2,99,10,False,3,1,False,12,11,0,False,18,1,16,13206,False,1,38,0
2,2,71,10,False,2,1,False,11,7,0,False,8,1,4,3936,False,3,37,0
2,3,39,8,False,1,3,False,13,7,0,False,7,0,7,9715,False,1,29,0
2,3,62,1,False,4,4,False,12,1,0,False,4,1,3,2977,False,1,35,0
2,3,99,2,False,1,4,False,17,2,0,False,4,1,3,3377,True,3,40,0
2,3,84,25,False,1,4,False,14,4,0,False,9,2,6,3211,True,3,49,0
2,3,65,15,False,1,4,False,12,6,0,False,8,2,2,2367,False,3,48,0
2,4,86,1,False,2,1,False,17,2,0,False,5,0,4,3294,True,2,34,0
2,4,67,5,False,2,1,False,12,5,0,False,7,0,1,5878,False,2,32,0
2,4,40,6,False,3,2,False,11,4,0,False,5,1,4,3702,True,2,38,0
2,4,87,4,False,3,4,False,19,0,0,False,0,1,0,3306,True,3,38,0
2,4,43,9,False,3,3,False,17,2,0,False,5,0,3,2974,True,3,29,0
2,4,68,7,False,4,2,False,15,7,0,False,7,2,1,6854,False,3,54,0
2,1,80,15,False,3,4,False,13,12,0,False,18,1,15,10435,False,2,40,0
2,1,72,22,False,2,2,False,16,2,0,False,4,2,2,16413,False,3,49,0
2,1,67,9,False,3,3,False,11,3,0,False,4,2,3,2897,False,3,54,0
2,1,82,2,False,3,2,False,19,6,0,False,20,2,17,17169,False,3,47,0
2,2,93,25,False,4,4,False,13,8,0,False,9,2,8,5906,False,2,45,0
2,2,42,5,False,1,3,False,12,2,0,False,3,1,2,8008,False,3,36,0
2,2,35,5,False,4,4,False,17,2,0,False,3,0,2,3312,False,4,32,0
2,3,98,2,False,3,2,False,14,2,0,False,5,1,3,2001,False,3,40,0
2,1,93,8,False,2,3,False,11,0,0,True,3,0,2,16422,False,3,31,0
2,1,94,11,False,3,1,False,18,2,0,True,3,1,2,3629,True,3,37,0
2,1,64,10,False,3,2,False,14,2,0,True,7,0,7,9667,False,3,30,0
2,2,32,6,False,2,4,False,18,2,0,True,2,1,0,8376,False,3,39,0
2,2,64,9,False,3,3,False,12,0,0,True,2,2,2,2105,True,3,47,0
2,3,49,29,False,2,3,False,13,1,0,True,6,0,2,2837,True,2,32,0
2,3,51,4,False,2,3,False,13,2,0,True,3,4,2,3295,True,3,23,0
2,3,67,8,False,4,3,False,11,4,0,True,6,0,2,3445,False,3,27,0
2,4,73,28,False,1,2,False,14,4,0,True,5,0,4,3785,False,2,29,0
2,4,91,16,False,2,4,False,19,3,0,True,11,1,8,8606,False,2,35,0
2,4,48,28,True,2,3,False,11,6,0,True,21,2,6,16704,False,2,45,0
2,4,54,1,False,4,4,False,19,7,0,True,20,2,7,17328,False,3,54,0
2,1,45,3,True,1,4,True,12,8,0,False,19,2,17,13225,False,4,46,0
2,3,96,16,False,3,3,True,14,7,0,False,8,2,7,6439,False,3,48,0
2,4,73,7,False,1,2,True,14,2,0,False,3,0,2,4779,False,3,30,0
2,2,47,2,False,2,3,False,14,2,0,False,3,2,2,15972,False,4,47,0
2,1,100,10,False,4,3,True,11,9,0,False,10,1,7,5343,False,3,38,0
2,2,100,11,False,4,1,True,13,0,0,False,6,1,3,6652,False,2,36,0
2,2,60,24,False,4,1,True,11,6,0,False,20,1,9,12031,False,2,39,0
2,2,92,2,False,2,3,True,14,10,0,False,11,1,8,5677,False,3,40,0
2,2,78,3,False,2,4,False,19,0,0,False,1,0,0,2856,False,3,28,0
2,3,51,3,False,2,4,False,12,1,0,False,13,2,12,16606,False,3,46,0
2,4,89,11,False,1,3,True,16,0,0,False,0,3,0,5380,False,2,56,0
2,4,84,14,False,1,3,True,15,2,0,False,5,1,4,4639,False,3,40,0
2,1,91,29,False,4,1,True,14,7,0,False,12,0,7,5468,False,2,31,0
2,1,94,3,False,4,3,True,19,4,0,False,9,1,7,7644,False,2,36,0
2,1,67,5,False,4,1,True,11,2,0,False,10,0,0,5476,False,3,31,0
2,3,98,16,False,1,1,True,13,2,0,False,3,1,2,5647,False,2,36,0
2,3,48,1,False,4,3,True,19,7,0,False,14,0,10,10422,False,3,32,0
2,1,89,2,False,3,2,True,14,7,0,True,8,0,7,6500,False,4,27,0
2,2,90,16,False,2,2,True,12,2,0,True,3,1,2,4198,False,3,38,0
2,2,73,1,False,3,1,True,13,0,0,True,1,1,0,6815,False,3,36,0
2,3,31,2,False,3,1,False,19,2,0,True,2,4,2,2783,False,3,20,0
2,3,51,2,False,4,3,False,15,7,0,True,13,1,7,4502,False,3,36,0
2,4,32,3,False,4,1,True,12,2,0,True,2,0,2,6029,False,1,34,0
2,4,30,5,False,3,4,False,18,0,0,True,4,0,2,2966,False,2,26,0
2,4,50,20,False,3,3,True,15,1,0,True,5,2,3,4850,False,3,45,0
2,4,80,11,False,4,3,True,12,4,0,True,5,2,1,4507,False,3,49,0
0,3,43,1,False,4,2,False,15,2,0,False,3,0,2,2706,False,3,28,0
0,1,100,2,False,2,4,False,13,8,0,False,11,1,10,2592,False,3,38,0
0,3,60,4,False,2,2,False,19,2,0,False,3,1,2,6430,False,1,41,0
0,2,90,2,False,4,3,False,14,7,0,False,7,1,7,5762,False,3,35,0
0,4,55,8,False,2,3,False,11,8,0,False,9,1,8,13757,False,2,40,0
0,3,64,7,True,3,2,False,13,0,0,False,1,0,0,1274,False,3,30,0
0,3,81,9,False,3,3,False,11,7,0,False,8,1,7,3975,True,3,40,0
0,4,90,4,True,2,4,False,15,7,0,False,9,0,8,3055,False,3,33,0
0,2,59,1,False,3,3,False,12,0,0,False,1,0,1,2008,True,2,33,0
0,3,64,14,True,2,3,False,18,7,0,False,8,2,7,5467,False,3,47,0
0,4,62,1,True,1,2,False,14,2,0,False,6,0,5,4087,False,3,32,0
0,1,52,9,False,3,3,False,13,2,0,True,3,1,2,2438,False,3,43,0
0,2,74,5,False,1,2,False,19,7,0,True,9,0,4,9936,False,3,31,0
0,2,65,5,True,2,2,False,14,7,0,True,7,0,7,2718,False,3,32,0
0,3,90,5,False,3,4,False,14,3,0,True,5,1,2,3162,True,2,44,0
0,3,49,16,False,3,3,False,14,4,0,True,5,0,3,2144,False,3,28,0
0,3,84,5,True,3,1,False,14,3,0,True,6,1,5,3500,True,4,37,0
0,4,37,23,False,3,4,False,12,7,0,True,20,1,9,4332,False,2,42,0
0,4,87,9,False,4,3,False,13,3,0,True,6,1,0,19431,False,3,39,0
0,1,40,29,False,4,2,False,15,0,0,False,9,2,8,3482,False,3,52,0
0,1,52,26,False,1,1,True,15,5,0,False,10,2,7,4385,False,2,45,0
0,3,87,2,False,2,4,True,11,0,0,False,1,2,0,4978,False,3,47,0
0,2,98,26,False,2,3,True,15,2,0,True,2,2,2,7991,False,2,46,0
1,3,71,10,False,3,3,False,11,2,0,False,6,1,3,6077,False,3,38,0
1,1,59,10,False,4,4,False,14,1,0,False,2,4,2,2145,False,3,24,0
1,1,87,2,False,4,4,False,19,3,0,False,6,0,4,8853,False,3,29,0
1,3,42,10,False,4,1,False,13,2,0,False,9,0,7,4724,False,4,34,0
1,2,71,15,False,1,4,False,14,9,0,False,14,0,8,17007,False,3,34,0
1,4,91,1,False,1,3,False,14,3,0,False,4,0,3,2996,False,3,34,0
1,4,77,2,False,3,3,False,17,7,0,False,7,0,7,5206,False,4,25,0
1,2,42,2,False,4,4,False,15,3,0,False,5,2,4,19161,False,3,49,0
1,4,40,20,False,4,2,False,13,10,0,False,11,0,8,3812,True,3,29,0
1,1,72,6,False,3,4,False,11,7,0,False,8,1,3,5321,False,2,38,0
1,1,56,10,False,3,1,False,13,3,0,False,5,0,2,3433,False,3,32,0
1,3,61,6,False,4,1,False,18,7,0,False,7,0,7,2544,True,4,26,0
1,3,41,23,False,4,3,False,17,3,0,False,5,1,2,2571,True,4,36,0
1,4,92,10,True,3,2,False,14,7,0,False,8,0,2,5063,False,2,34,0
1,4,90,1,False,4,4,False,15,9,0,False,13,1,11,4735,False,3,38,0
1,2,44,1,False,3,3,False,12,3,0,True,4,2,2,5399,False,3,45,0
1,3,60,18,False,4,3,False,11,2,0,True,2,1,2,9362,False,3,35,0
1,4,87,2,False,4,3,False,13,2,0,True,4,0,2,2580,False,3,27,0
1,3,83,20,False,4,4,True,18,2,0,False,2,1,1,4127,False,3,39,0
1,3,31,1,False,4,3,True,14,3,0,False,6,1,3,9525,False,1,37,0
1,4,63,2,False,2,4,True,14,8,0,False,9,2,6,5390,False,2,49,0
1,4,54,7,False,1,1,True,14,3,0,False,4,0,3,4373,False,3,33,0
1,3,55,7,False,1,4,True,14,3,0,True,4,0,2,4898,False,3,28,0
1,4,54,2,False,1,4,True,13,3,0,True,5,0,2,5332,False,3,31,0
1,4,79,10,False,4,3,True,13,0,0,True,0,0,0,4648,False,3,32,0
2,3,89,8,False,2,3,False,13,7,0,False,10,1,0,4071,False,3,37,0
2,4,87,6,False,2,4,False,11,0,0,False,1,0,0,2804,False,2,29,0
2,2,51,17,False,1,1,False,13,9,0,True,10,0,9,7988,False,2,29,0
2,2,97,2,False,4,2,False,13,8,0,True,9,1,7,3539,False,3,43,0
2,1,94,22,True,2,4,False,12,2,0,False,4,3,2,3537,False,2,55,0
2,1,72,1,False,3,4,False,14,0,0,False,1,0,0,1563,False,2,28,0
2,1,98,1,False,1,1,False,11,16,0,False,19,1,7,16823,False,3,40,0
2,2,89,20,False,3,1,False,11,2,0,False,10,0,8,4197,True,3,31,0
2,3,76,3,False,3,4,False,15,7,0,False,10,1,8,3069,True,2,39,0
2,3,68,2,False,3,3,False,14,2,0,False,3,1,1,2345,False,3,40,0
2,4,82,2,False,4,3,False,14,7,0,False,9,2,8,8578,False,3,46,0
2,4,87,27,True,2,3,False,12,2,0,False,6,1,4,4876,True,4,43,0
2,2,71,9,False,4,4,False,19,3,0,False,5,1,2,4771,False,3,38,0
2,2,81,1,False,4,4,False,13,0,0,False,7,3,7,14732,False,4,55,0
2,3,35,7,False,2,2,False,14,7,0,False,8,2,7,10466,False,3,49,0
2,4,93,29,False,3,4,False,17,6,0,False,7,0,0,6384,False,1,29,0
2,4,67,19,False,1,1,False,11,7,0,False,7,0,7,4066,True,2,27,0
2,4,45,2,False,2,3,False,13,6,0,False,9,0,5,5470,False,3,32,0
2,1,66,1,True,2,1,False,12,7,0,False,10,2,8,7441,False,3,45,0
2,2,91,29,False,1,2,False,13,2,0,False,6,4,2,3907,True,3,24,0
2,3,57,21,True,1,2,False,14,0,0,False,1,4,1,2296,True,2,24,0
2,4,41,19,False,4,2,False,14,2,0,False,2,1,2,3902,False,3,39,0
2,1,56,2,False,3,1,False,11,14,0,False,22,1,6,18880,False,3,42,0
2,1,47,13,False,4,1,False,17,7,0,False,10,1,8,4285,False,3,37,0
2,2,91,11,False,1,2,False,14,4,0,False,5,0,0,2099,True,3,27,0
2,2,48,18,False,1,4,False,11,10,0,False,16,1,15,5208,False,4,35,0
2,2,82,8,False,3,1,False,12,2,0,False,4,0,3,4404,True,4,34,0
2,2,48,24,False,4,3,False,15,2,0,False,4,2,3,7005,False,4,53,0
2,4,91,10,False,2,4,False,12,9,0,False,22,2,10,19665,False,2,48,0
2,4,76,1,False,2,3,False,13,7,0,False,12,0,8,3748,True,3,30,0
2,1,89,1,False,1,1,False,12,2,0,False,5,0,3,5373,False,3,29,0
2,1,96,5,True,3,2,False,14,2,0,False,3,2,2,6651,False,3,49,0
2,1,30,11,False,3,2,False,17,9,0,False,10,1,9,7510,False,3,43,0
2,1,81,1,True,4,2,False,11,2,0,False,3,0,2,3229,True,3,25,0
2,1,74,1,True,4,3,False,12,2,0,False,6,2,5,3420,False,3,47,0
2,2,91,23,False,3,2,False,16,3,0,False,5,1,4,2705,True,1,35,0
2,2,48,7,False,2,2,False,12,1,0,False,6,0,4,2141,False,2,30,0
2,2,57,5,False,4,3,False,14,13,0,False,15,0,10,3986,True,2,34,0
2,2,41,2,True,2,3,False,11,2,0,False,5,0,3,2226,False,3,27,0
2,2,69,2,False,3,4,False,14,3,0,False,5,0,2,3477,True,3,31,0
2,2,33,16,False,4,2,False,12,8,0,False,10,0,0,2862,False,3,30,0
2,2,45,1,False,4,2,False,17,1,0,False,2,0,2,5484,False,3,34,0
2,2,78,1,False,1,4,False,15,2,0,False,2,1,0,5033,False,4,44,0
2,3,68,2,False,2,2,False,14,0,0,False,1,1,0,4841,True,2,42,0
2,3,63,7,False,4,4,False,18,1,0,False,1,1,0,2690,True,2,35,0
2,3,83,6,False,1,2,False,13,7,0,False,13,1,7,13348,False,3,42,0
2,3,82,1,False,4,3,False,11,3,0,False,5,0,3,2044,False,3,28,0
2,3,58,16,False,3,3,False,16,7,0,False,7,0,0,5294,False,4,30,0
2,3,62,9,False,3,4,False,16,4,0,False,5,4,3,4401,False,4,24,0
2,4,42,6,False,1,1,False,15,7,0,False,7,1,7,9991,False,2,39,0
2,4,32,28,False,1,3,False,13,17,0,False,20,1,6,16328,False,3,44,0
2,4,49,27,False,3,2,False,16,7,0,False,7,1,7,6883,False,3,35,0
2,4,90,8,False,1,2,False,19,6,0,False,10,0,8,3143,False,4,33,0
2,4,45,10,True,3,4,False,16,2,0,False,2,4,2,2073,False,4,23,0
2,1,80,26,False,3,2,False,14,2,0,False,3,1,2,5347,False,3,36,0
2,1,83,1,False,4,3,False,19,0,0,False,1,1,0,2406,True,3,40,0
2,2,95,13,False,1,3,False,18,0,0,False,0,1,0,5538,False,4,42,0
2,2,46,28,False,3,4,False,17,8,0,False,10,1,9,3407,True,4,35,0
2,3,96,29,False,2,2,False,14,7,0,False,8,0,6,6549,False,1,28,0
2,3,91,9,False,3,1,False,18,0,0,False,1,0,0,2451,False,4,29,0
2,2,76,10,False,1,4,False,13,7,0,False,7,1,7,5377,False,3,39,0
2,2,79,21,False,2,4,False,18,13,0,False,14,0,11,2028,True,4,33,0
2,3,60,2,False,1,2,False,12,0,0,False,1,3,0,19038,False,2,55,0
2,3,85,19,False,3,1,False,17,2,0,False,4,1,3,5768,False,3,37,0
2,4,62,17,False,3,3,False,15,2,0,False,3,0,2,2305,True,1,26,0
2,1,37,4,False,4,3,False,16,8,0,True,10,1,4,5810,True,2,36,0
2,1,77,7,False,2,3,False,11,3,0,True,4,1,3,2013,True,3,36,0
2,1,97,20,False,3,2,False,14,2,0,True,4,4,3,2272,True,3,23,0
2,1,35,7,False,4,3,False,13,0,0,True,1,0,0,2972,False,3,34,0
2,1,52,24,False,4,1,False,13,7,0,True,7,1,7,4108,False,3,39,0
2,2,45,1,False,3,2,False,12,2,0,True,4,4,3,4617,False,2,24,0
2,2,48,9,False,3,2,False,19,8,0,True,10,1,7,5098,False,3,35,0
2,2,85,5,False,2,1,False,12,2,0,True,3,1,2,6870,False,4,41,0
2,3,52,2,False,3,4,False,14,2,0,True,2,1,2,2809,False,2,40,0
2,3,95,1,False,1,4,False,13,6,0,True,7,0,7,2867,True,3,26,0
2,3,34,13,False,2,4,False,14,9,0,True,10,2,7,5562,False,3,46,0
2,3,36,1,False,3,1,False,14,0,0,True,8,2,7,15379,False,3,49,0
2,3,97,5,False,4,3,False,18,2,0,True,2,4,2,3117,False,3,21,0
2,3,100,7,False,1,4,False,12,7,0,True,7,0,7,3578,True,4,26,0
2,4,68,1,False,1,2,False,19,2,0,True,3,1,0,2450,True,2,35,0
2,4,44,25,False,2,4,False,13,2,0,True,5,0,3,4320,False,2,33,0
2,4,59,7,False,1,2,False,14,2,0,True,3,0,2,2062,True,3,29,0
2,4,78,2,True,1,4,False,14,2,0,True,4,0,2,2439,False,3,32,0
2,4,49,20,False,2,3,False,13,3,0,True,5,1,2,3420,False,3,44,0
2,4,81,8,False,3,4,False,13,0,0,True,0,1,0,3968,True,3,42,0
2,4,63,1,False,3,4,False,12,2,0,True,3,4,2,3375,False,3,22,0
2,4,78,12,False,4,3,False,13,4,0,True,5,4,2,2647,True,3,23,0
2,4,39,2,False,2,2,False,12,8,0,True,9,2,8,16598,False,4,53,0
2,1,31,8,False,4,1,True,18,9,0,False,13,0,7,10793,False,3,31,0
2,3,94,15,False,1,1,True,11,7,0,False,7,0,7,7140,False,2,30,0
2,3,57,3,False,2,3,True,11,4,0,False,5,1,4,8938,False,2,41,0
2,4,39,13,False,3,3,True,18,1,0,False,8,0,7,8628,False,3,34,0
2,3,77,19,False,3,3,True,14,4,0,False,10,0,7,8620,False,2,29,0
2,4,93,2,False,4,3,True,14,4,0,False,6,0,2,5505,False,3,33,0
2,3,96,7,False,1,1,True,11,2,0,False,2,2,2,5486,False,3,48,0
2,1,47,9,False,1,4,True,12,1,0,False,8,1,4,5473,False,3,40,0
2,1,46,8,False,1,4,True,13,2,0,False,2,0,2,6392,False,3,33,0
2,1,54,2,False,3,3,False,19,2,0,False,2,0,2,3067,False,3,31,0
2,1,51,5,True,3,3,True,19,2,0,False,5,0,2,8346,False,3,31,0
2,2,68,1,False,2,2,False,14,2,0,False,2,0,2,2269,False,2,32,0
2,2,71,18,False,1,4,True,16,4,0,False,5,1,3,5561,False,3,35,0
2,3,33,29,True,2,2,True,12,3,0,False,4,0,2,9250,False,3,30,0
2,3,80,14,False,2,4,True,11,7,0,False,9,1,8,9924,False,3,38,0
2,4,80,19,False,3,3,True,13,2,0,False,4,0,3,9610,False,1,32,0
2,4,76,7,False,3,1,False,13,0,0,False,1,1,0,2404,False,3,35,0
2,4,97,7,False,4,3,True,12,3,0,False,4,0,3,9204,False,3,32,0
2,4,38,6,False,3,1,True,11,6,0,False,7,1,6,8237,False,4,39,0
2,2,46,9,False,2,1,True,14,3,0,False,5,1,2,4189,False,2,37,0
2,3,33,17,False,2,3,True,16,3,0,False,4,1,2,5507,False,2,36,0
2,4,86,1,False,2,1,True,15,8,0,False,15,1,13,4440,False,3,38,0
2,4,96,16,False,3,3,True,15,2,0,False,2,0,1,5301,False,3,30,0
2,1,59,1,False,1,1,False,14,0,0,True,1,1,0,2858,False,2,38,0
2,2,77,15,False,1,1,True,12,10,0,True,20,1,8,13341,False,3,39,0
2,2,88,7,False,2,2,False,14,8,0,True,21,1,8,19833,False,3,40,0
2,2,43,10,False,3,2,True,14,9,0,True,10,0,4,5487,False,3,33,0
2,3,42,10,False,3,3,True,11,4,0,True,5,0,2,5869,False,2,29,0
2,3,46,10,False,4,1,True,13,2,0,True,5,0,3,4684,False,3,26,0
2,4,81,3,False,1,4,True,18,12,0,True,13,0,9,4759,False,1,34,0
2,4,54,9,False,1,1,False,11,2,0,True,2,4,2,2728,False,3,20,0
2,4,84,5,False,1,4,True,18,3,0,True,5,0,4,8463,False,3,28,0
2,4,35,6,False,3,2,True,12,7,0,True,10,1,8,9241,False,3,41,0
2,4,44,9,False,4,1,True,14,7,0,True,7,0,7,4105,False,3,27,0
2,4,56,1,False,1,2,False,15,12,0,True,26,2,0,17567,False,4,46,0
0,2,85,26,False,3,2,False,14,3,1,False,4,4,2,2814,False,2,22,0
1,4,58,8,False,2,3,False,16,7,1,False,20,1,11,2133,False,2,38,0
1,1,32,2,True,4,3,False,13,3,1,True,6,4,3,3760,False,3,24,0
1,4,53,5,False,4,3,False,14,2,1,True,5,0,4,2379,True,3,27,0
2,3,44,1,False,4,1,False,18,2,1,False,2,1,2,3195,False,3,44,0
2,3,31,26,False,4,3,False,16,7,1,True,9,1,0,8837,False,3,35,0
2,2,31,7,False,4,4,False,14,10,1,False,22,1,7,19049,False,3,44,0
2,3,92,4,False,2,3,False,12,10,1,False,22,2,11,10333,False,2,47,0
2,4,74,16,False,1,2,False,16,2,1,False,2,2,2,2587,True,3,49,0
2,4,59,2,False,4,3,False,11,0,1,False,1,0,0,1129,True,1,31,0
2,4,44,16,False,2,4,False,11,2,1,False,3,1,2,4788,False,2,35,0
2,2,90,1,False,3,3,False,13,0,1,False,1,0,0,2933,False,2,26,0
2,2,92,8,False,1,2,False,16,0,1,False,1,1,0,6516,False,3,40,0
2,2,95,15,False,4,1,False,13,1,1,False,9,0,7,4878,False,3,33,0
2,3,41,6,False,3,2,False,19,12,1,False,15,2,11,13966,False,2,49,0
2,3,96,2,False,4,2,False,19,7,1,False,8,1,7,7879,False,4,44,0
2,4,54,2,False,3,4,False,19,2,1,False,5,1,4,7756,False,2,38,0
2,3,76,12,False,3,2,False,12,1,1,False,3,1,2,4663,False,3,36,0
2,1,51,10,False,3,3,False,16,4,1,True,5,1,2,6142,False,3,35,0
2,3,50,5,False,1,1,False,14,4,1,True,10,2,7,5769,True,1,45,0
2,3,77,10,False,1,4,False,19,4,1,True,5,2,2,4440,False,3,54,0
2,3,84,16,False,4,4,False,15,3,1,True,4,1,2,7945,False,3,40,0
2,3,81,4,False,3,4,True,13,5,1,False,22,1,14,10447,False,3,41,0
2,3,86,10,False,4,4,True,11,4,1,False,5,0,2,6583,False,3,31,0
2,3,55,7,False,4,4,True,11,9,1,False,10,1,8,5204,False,3,35,0
2,4,75,3,False,4,3,True,12,1,1,False,4,0,2,8103,False,2,34,0
2,2,63,10,True,3,1,True,13,7,1,False,10,1,9,5673,False,2,36,0
2,3,78,14,False,3,3,True,17,2,1,False,5,2,4,4591,False,3,47,0
2,4,72,21,False,4,3,False,13,0,1,False,1,3,0,17875,False,3,58,0
2,4,42,4,False,3,3,True,12,3,1,False,5,4,4,4162,False,3,24,0
2,1,99,3,False,2,4,True,16,1,1,True,5,1,4,9278,False,3,36,0
0,4,72,8,False,4,3,False,18,2,1,False,2,1,2,4069,False,3,40,0
0,3,48,3,False,1,4,False,13,3,1,False,4,0,2,3065,False,3,31,0
0,4,77,1,False,4,4,False,15,8,1,False,9,1,8,6472,True,3,39,0
0,4,87,10,False,3,3,True,14,7,1,False,15,0,14,4001,False,3,34,0
1,1,37,1,False,4,3,False,11,2,1,False,10,1,7,5743,False,3,44,0
1,4,88,1,False,2,2,False,11,2,1,False,6,1,2,2991,False,3,38,0
1,1,87,15,False,3,2,False,14,2,1,False,2,3,2,15787,False,3,58,0
1,3,86,22,False,4,2,False,15,11,1,False,15,0,10,5747,False,2,34,0
1,1,80,6,False,1,4,False,13,2,1,False,3,1,2,5562,True,4,36,0
1,2,41,20,False,3,3,False,15,13,1,False,30,2,8,11245,False,3,50,0
1,4,40,2,False,4,3,False,14,9,1,False,20,1,8,10124,False,3,42,0
1,3,80,18,False,3,4,False,14,2,1,False,10,1,2,5689,False,3,35,0
1,1,79,2,False,4,3,False,14,4,1,True,5,1,4,4930,False,2,35,0
1,2,86,2,False,3,2,False,18,2,1,True,2,1,2,10209,False,3,44,0
1,3,88,22,False,4,4,False,13,9,1,True,32,2,6,14411,False,1,50,0
1,4,70,1,False,3,4,False,12,2,1,True,3,0,2,6294,False,4,29,0
1,3,42,1,False,4,3,True,12,7,1,False,7,0,7,6834,False,2,28,0
2,3,71,26,False,2,1,False,18,4,1,False,10,3,9,19636,False,4,55,0
2,2,95,20,False,1,2,False,18,7,1,False,7,2,7,10851,False,1,45,0
2,3,46,2,False,4,3,False,17,2,1,False,2,2,1,19328,False,3,46,0
2,4,35,18,False,1,3,False,17,2,1,False,4,1,3,5410,False,3,42,0
2,4,57,2,False,3,3,False,19,2,1,False,2,0,2,3977,True,3,25,0
2,2,90,5,False,3,1,False,12,3,1,False,4,1,2,2127,False,4,41,0
2,4,30,4,False,3,2,False,16,2,1,False,3,3,2,4035,False,3,55,0
2,2,60,18,False,4,3,False,16,0,1,False,1,1,0,5811,False,1,38,0
2,2,79,28,False,3,2,False,12,7,1,False,15,0,14,5207,True,3,33,0
2,4,46,13,False,2,1,False,13,3,1,False,4,0,3,4025,True,2,29,0
2,4,90,10,False,1,4,False,13,7,1,False,12,1,8,8321,False,3,36,0
2,4,43,11,False,3,3,False,11,2,1,False,2,1,2,2660,True,3,35,0
2,2,55,29,True,4,4,False,18,2,1,False,3,2,1,9380,False,3,45,0
2,4,97,2,False,4,1,False,14,2,1,False,5,0,0,2932,False,4,34,0
2,2,87,3,False,1,4,False,18,5,1,True,10,0,9,4723,True,3,29,0
2,2,42,1,False,4,3,False,12,2,1,True,4,1,3,2436,False,3,44,0
2,4,69,8,False,3,1,False,17,0,1,True,0,0,0,6388,False,3,33,0
2,1,43,5,False,2,2,True,13,9,1,False,10,0,0,4187,False,2,29,0
2,3,74,2,False,4,2,True,12,3,1,False,10,2,6,10368,False,3,46,0
2,2,77,12,False,4,3,True,12,0,1,False,0,1,0,5087,False,3,42,0
2,4,64,1,True,3,4,True,14,6,1,False,10,0,9,7083,False,2,34,0
2,3,59,9,False,3,3,False,16,0,1,False,1,2,0,19331,False,3,50,0
2,4,73,2,False,4,1,True,17,8,1,False,10,1,9,7847,False,3,43,0
2,3,64,4,False,4,4,True,13,0,1,False,5,0,3,9713,False,3,34,0
2,3,58,5,False,1,4,False,11,2,1,True,2,4,2,2380,False,3,21,0
2,4,80,23,False,3,4,True,16,2,1,True,2,1,0,7082,False,3,41,0
0,3,40,10,False,3,3,False,20,8,0,False,11,0,7,11031,False,3,31,0
0,3,67,2,False,3,2,True,22,7,0,False,8,2,7,5154,False,3,45,0
1,2,87,11,False,4,1,False,20,12,0,False,14,2,9,16032,False,3,54,0
1,4,42,2,False,2,2,False,22,3,0,True,4,1,3,2440,True,2,38,0
1,4,30,24,True,4,4,False,20,4,0,True,5,0,4,5238,False,3,31,0
2,3,56,4,False,3,3,False,21,3,0,False,5,2,0,9756,False,1,45,0
2,2,39,27,False,1,2,False,21,0,0,False,5,0,3,4877,False,1,28,0
2,1,89,3,False,4,1,False,21,0,0,False,1,0,0,2061,False,3,26,0
2,1,60,28,False,2,3,False,23,10,0,False,20,1,7,13570,False,2,41,0
2,1,90,1,False,1,4,False,22,0,0,False,3,3,2,2066,False,3,56,0
2,2,91,22,False,3,3,False,25,7,0,False,10,2,8,17426,False,3,54,0
2,3,43,3,False,1,1,False,25,2,0,False,3,2,2,4789,True,2,49,0
2,3,67,1,False,1,3,False,25,2,0,False,3,0,2,3591,False,3,28,0
2,2,36,23,False,3,4,False,21,8,0,False,9,0,8,3540,False,2,27,0
2,3,54,8,False,2,3,True,21,4,0,False,5,1,4,4393,False,3,41,0
2,2,98,28,False,3,1,False,23,2,0,False,5,1,3,2430,False,2,35,0
2,4,95,28,False,3,4,True,21,7,0,False,8,0,7,6712,False,2,34,0
0,3,57,1,False,3,1,False,21,9,0,False,13,3,12,6306,False,3,56,0
0,1,66,9,False,2,2,False,22,2,0,False,5,1,4,2810,True,4,36,0
0,3,74,1,False,3,4,False,23,4,0,False,23,2,15,10748,False,2,45,0
0,3,38,10,True,3,2,False,22,3,0,False,6,1,3,2936,False,3,42,0
0,4,76,7,False,4,3,False,20,7,0,True,7,0,7,2570,True,3,26,0
0,2,52,2,False,2,4,False,22,14,0,False,16,3,9,16291,False,3,58,0
0,4,88,15,False,4,1,True,24,11,0,False,15,1,12,5406,False,1,36,0
1,2,94,2,False,4,4,False,21,8,0,True,10,1,1,3886,False,2,36,0
1,4,36,7,False,3,3,False,20,8,0,False,9,0,7,5968,False,3,33,0
1,4,48,1,False,1,2,False,21,7,0,False,10,0,8,5003,False,1,31,0
1,3,89,4,False,4,2,False,25,2,0,False,2,2,2,15202,False,2,48,0
1,1,92,2,False,4,3,True,20,7,0,False,7,1,7,5675,False,3,43,0
2,3,46,1,False,3,1,False,21,3,0,False,5,0,3,2064,False,3,30,0
2,3,92,1,False,4,3,False,20,0,0,False,1,3,0,10883,False,1,60,0
2,4,79,3,False,1,1,False,20,4,0,False,5,1,4,6842,False,4,36,0
2,3,94,9,False,1,2,False,20,4,0,False,5,1,3,2289,True,3,41,0
2,2,57,12,False,2,2,False,22,4,0,False,5,1,3,2766,True,3,42,0
2,4,66,12,False,2,3,False,21,0,0,False,5,1,4,5295,False,3,39,0
2,1,87,9,False,1,4,False,25,9,0,False,10,1,0,5151,False,3,39,0
2,2,98,2,True,4,2,False,20,4,0,False,5,3,2,2662,False,2,55,0
2,2,93,1,False,3,1,False,24,8,0,False,12,3,9,4900,False,4,57,0
2,3,65,15,False,3,1,False,24,11,0,False,14,1,10,17603,False,2,43,0
2,4,76,1,False,4,1,False,22,0,0,False,5,1,3,2782,False,3,41,0
2,4,97,28,True,4,4,False,20,3,0,False,5,2,4,2132,False,3,45,0
2,1,84,25,False,3,2,False,23,11,0,True,17,2,14,8633,False,3,47,0
2,3,65,10,False,3,3,False,21,2,0,True,4,1,3,13464,False,3,39,0
2,3,64,10,False,4,2,False,25,0,0,True,5,0,2,11244,False,3,32,0
2,4,56,5,False,4,2,False,24,0,0,True,1,0,0,9679,False,2,32,0
2,4,93,9,False,4,4,False,22,1,0,True,1,1,0,19613,False,2,42,0
2,3,60,26,False,4,3,False,21,13,0,False,36,3,6,19586,False,2,55,0
2,2,92,8,True,3,3,True,21,8,0,False,10,0,8,6799,False,4,34,0
2,1,32,1,False,4,1,True,21,1,0,True,14,0,8,9888,False,3,34,0
0,1,60,1,False,3,4,False,20,2,1,False,3,2,2,12965,False,2,53,0
0,3,36,16,False,4,3,True,25,2,1,False,6,0,5,5368,False,3,33,0
2,3,42,10,False,4,1,False,25,8,1,False,16,1,11,13744,False,4,37,0
2,4,76,1,False,1,3,False,21,5,1,False,9,3,8,19701,False,3,58,0
2,4,73,2,False,2,4,False,22,0,1,False,1,1,0,6962,False,3,36,0
2,1,85,8,False,3,2,True,22,4,1,False,5,0,3,4907,False,3,25,0
2,2,77,2,False,4,1,False,20,3,1,False,4,1,2,5405,False,1,38,0
2,3,38,6,False,4,4,False,21,7,1,True,21,1,7,16437,False,3,40,0
2,2,87,4,False,2,2,False,20,3,1,False,6,0,2,6142,False,4,27,0
2,4,78,7,False,1,3,False,22,4,1,False,5,1,3,4284,False,3,37,0
2,2,55,7,True,3,2,False,25,7,1,False,11,0,10,2308,False,3,34,0
2,3,70,2,False,4,4,False,21,2,1,True,3,1,2,2644,False,3,36,0
1,3,66,8,False,4,3,False,11,2,0,False,4,0,2,2180,False,2,30,1
1,1,58,22,False,2,1,False,12,0,0,False,1,0,0,2863,False,2,27,1
1,3,100,1,False,2,1,False,11,7,0,True,10,0,8,7446,False,4,31,1
1,4,33,3,False,3,1,False,12,7,0,True,7,0,2,4084,False,3,31,1
1,1,51,13,True,2,1,True,11,0,0,True,5,0,3,5765,False,3,29,1
1,2,50,1,False,3,2,False,12,0,0,True,1,0,0,1359,False,1,31,1
2,1,52,9,True,3,4,False,15,2,0,False,2,0,2,2742,False,3,34,1
2,3,78,2,True,4,2,False,16,9,0,False,33,2,7,10169,False,2,53,1
2,1,34,8,False,2,3,False,12,0,0,True,1,0,0,1261,False,2,31,1
2,2,52,9,False,2,3,False,13,2,0,True,2,0,2,2760,False,1,29,1
1,4,93,9,False,1,3,False,17,7,0,False,7,0,1,5346,True,3,34,1
1,3,38,2,False,1,3,False,11,0,0,True,0,0,0,2561,True,2,28,1
1,2,94,1,False,3,4,True,12,1,0,False,6,2,3,6728,False,3,50,1
1,3,82,9,False,3,3,True,11,10,0,False,23,2,5,12936,False,1,47,1
1,1,92,1,True,3,4,False,15,2,0,False,3,0,2,2909,False,3,28,1
1,4,33,9,False,1,1,False,19,0,0,False,1,4,0,1790,False,3,23,1
1,3,45,24,True,1,4,False,17,0,0,True,1,0,0,1091,False,4,29,1
2,4,89,18,False,1,3,False,17,0,0,False,1,0,0,2956,False,4,31,1
2,4,58,22,False,3,3,False,11,0,0,False,1,4,0,1555,False,1,24,1
2,3,32,17,True,4,1,False,12,3,0,False,4,0,1,2367,True,2,28,1
2,4,72,7,True,3,4,False,11,8,0,False,10,3,9,2339,True,3,56,1
2,3,81,2,False,2,1,False,11,4,0,False,5,1,2,4855,False,3,38,1
2,1,100,1,True,1,3,False,13,7,0,True,9,0,7,2362,False,2,29,1
2,1,97,24,False,4,4,False,16,0,0,True,4,3,2,2587,True,3,56,1
2,4,86,9,False,1,2,False,14,0,0,True,5,1,4,2018,True,3,40,1
2,4,58,10,False,1,2,False,15,8,0,True,10,1,3,4213,False,3,37,1
2,4,95,2,False,2,1,False,12,0,0,True,1,0,0,1393,True,3,32,1
2,1,52,9,False,4,1,True,11,3,0,False,7,2,7,10096,False,3,46,1
2,1,68,9,False,1,1,False,12,2,0,False,3,0,2,4400,False,2,25,1
2,4,55,10,False,1,3,True,17,0,0,False,13,1,12,10306,False,2,35,1
2,2,64,1,False,1,4,True,11,7,0,False,10,0,8,9714,False,2,30,1
2,1,70,16,False,3,1,True,13,0,0,False,1,0,0,8161,False,3,31,1
2,1,34,1,False,2,2,True,15,0,0,True,0,0,0,6735,False,1,32,1
2,2,31,7,False,2,2,False,13,0,0,True,1,4,0,2679,False,3,21,1
2,2,89,9,False,4,3,False,13,0,0,True,1,0,0,1081,False,3,30,1
1,1,47,5,False,3,1,False,14,3,1,True,4,0,1,2432,False,4,32,1
1,3,84,14,False,4,1,False,12,7,1,True,8,0,7,7553,False,3,29,1
1,4,95,7,False,3,3,False,11,7,1,False,9,2,7,2655,False,3,48,1
1,2,70,3,False,4,3,False,12,0,1,True,0,4,0,1569,False,3,18,1
2,4,69,20,False,2,3,False,11,4,1,False,5,0,1,2148,False,3,26,1
2,1,69,2,False,1,4,False,12,0,1,False,1,1,0,2074,True,3,35,1
2,3,79,8,False,1,3,False,17,0,1,False,1,4,0,2398,True,3,22,1
2,4,84,13,False,3,4,True,11,2,1,True,2,0,0,9854,False,3,28,1
1,3,99,1,False,2,3,False,12,3,1,False,5,1,3,2342,False,3,44,1
1,2,94,2,False,4,3,False,13,2,1,False,2,0,2,3722,True,3,31,1
1,3,38,17,True,3,4,False,16,0,1,False,1,1,0,2437,False,2,43,1
1,2,89,9,False,1,3,False,11,0,1,True,0,4,0,3172,True,3,24,1
1,1,63,26,False,4,3,True,11,8,1,False,10,0,7,5617,False,3,31,1
2,1,56,13,False,1,4,False,15,0,1,False,2,0,2,2335,False,2,29,1
2,1,36,1,False,4,2,False,14,2,1,False,2,0,2,4787,False,3,29,1
2,3,51,24,False,2,3,False,17,0,1,False,1,0,1,2408,True,3,28,1
2,1,73,7,False,1,2,False,14,3,1,True,4,1,2,2166,True,3,40,1
2,4,93,8,False,3,1,False,11,2,1,True,5,4,4,3989,True,2,23,1
2,4,39,28,False,1,2,True,13,0,1,False,3,2,2,10854,False,2,50,1
2,1,59,15,False,4,4,True,14,2,1,False,2,1,2,5440,False,1,35,1
2,2,96,13,False,1,2,True,13,2,1,False,2,1,2,6134,False,2,36,1
2,1,66,24,False,1,2,True,13,2,1,True,2,2,2,10448,False,3,53,1
2,3,82,2,False,2,3,True,12,2,1,True,2,0,2,9907,False,2,32,1
2,3,84,27,False,4,4,True,18,7,1,True,10,1,7,5813,False,3,35,1
2,4,66,21,False,2,4,False,22,7,0,False,9,2,7,8926,False,3,46,1
2,3,64,10,False,2,3,True,21,7,0,False,8,2,7,7314,False,3,46,1
1,1,97,28,False,1,1,False,20,3,0,True,4,2,3,4284,True,2,49,1
0,1,54,2,False,1,2,False,23,0,1,True,1,1,0,3646,True,2,39,1
2,1,40,24,False,2,3,True,23,10,1,True,15,0,9,4599,False,2,34,1
2,1,74,16,False,1,3,True,20,0,1,True,0,0,0,8564,False,3,33,1
0,4,85,16,True,1,2,False,23,0,1,False,5,0,2,2307,False,1,34,1
1,4,73,24,False,4,2,False,24,0,1,True,1,0,0,2439,False,2,29,1
1,4,36,12,False,4,1,True,24,7,1,True,11,1,9,4581,False,3,35,1
2,4,75,7,False,2,1,False,23,0,1,True,1,4,0,2472,False,3,22,1
2,3,99,7,False,4,2,False,21,2,1,False,3,4,2,2275,False,3,23,1
